rank,anime,studios
398,Hachimitsu to Clover II,J.C.Staff
163,Kimetsu no Yaiba,ufotable
239,Wu Shan Wu Xing: Xichuan Huan Zi Lin,Samsara Animation Studio
230,Initial D First Stage,Gallop
230,Initial D First Stage,Studio Comet
614,Black Lagoon,Madhouse
797,Overlord III,Madhouse
532,Mirai Shounen Conan,Nippon Animation
0,Let You Down,Studio Massket
10,Gintama': Enchousen,Sunrise
621,Mairimashita! Iruma-kun 2nd Season,Bandai Namco Pictures
6,Gintama°,Bandai Namco Pictures
133,Hotaru no Haka,Studio Ghibli
289,Beck,Madhouse
366,Shen Yin Wangzuo 2nd Season,Shenman Entertainment
0,Yuusha,Madhouse
869,Quanzhi Gaoshou,B.CMAY PICTURES
730,Working!!!,A-1 Pictures
175,Mushishi Zoku Shou: Odoro no Michi,Artland
248,Kidou Senshi Gundam: The Origin,Sunrise
19,Koe no Katachi,Kyoto Animation
139,Samurai Champloo,Manglobe
907,Tonikaku Kawaii,Seven Arcs
92,Ping Pong the Animation,Tatsunoko Production
499,Meitantei Conan Movie 14: Tenkuu no Lost Ship,Tokyo Movie Shinsha
499,Meitantei Conan Movie 14: Tenkuu no Lost Ship,TMS Entertainment
178,Kono Oto Tomare! Part 2,Platinum Vision
727,Rurouni Kenshin: Meiji Kenkaku Romantan - Kyoto Douran,LIDENFILMS
82,Shigatsu wa Kimi no Uso,A-1 Pictures
0,Imaizumin Chi wa Douyara Gal no Tamariba ni Natteru Rashii,T-Rex
711,Yuuki Yuuna wa Yuusha de Aru: Washio Sumi no Shou 3 - Yakusoku,Studio Gokumi
561,Skip Beat!,HAL Film Maker
899,Meitantei Conan Movie 01: Tokei Jikake no Matenrou,TMS Entertainment
904,Paradise Kiss,Madhouse
400,Mo Dao Zu Shi Q,B.CMAY PICTURES
919,Boku no Hero Academia,Bones
0,MILG?AM,OTOIRO
74,Mononoke Hime,Studio Ghibli
36,Kizumonogatari III: Reiketsu-hen,Shaft
192,Yuru Camp? Movie,C-Station
804,Promare,Trigger
902,One Piece: Episode of East Blue - Luffy to 4-nin no Nakama no Daibouken,Toei Animation
777,Usagi Drop Specials,Production I.G
698,Koukaku Kidoutai 2.0,Production I.G
981,Gekkan Shoujo Nozaki-kun,Doga Kobo
802,Ore Monogatari!!,Madhouse
620,Lovely?Complex,Toei Animation
986,Kuroko no Basket Movie 3: Winter Cup - Tobira no Mukou,Production I.G
171,Haikyuu!!,Production I.G
571,JoJo no Kimyou na Bouken Part 6: Stone Ocean Part 2,David Production
816,Date A Live II: Kurumi Star Festival,Production IMS
717,Hyouge Mono,Bee Train
857,Kizumonogatari: Koyomi Vamp,Shaft
478,Nisemonogatari,Shaft
555,Kimi wa Houkago Insomnia,LIDENFILMS
349,Spy x Family Part 2,Wit Studio
349,Spy x Family Part 2,CloverWorks
732,Tate no Yuusha no Nariagari,Kinema Citrus
545,Boku no Hero Academia 2nd Season,Bones
890,IDOLiSH7 Movie: LIVE 4bit - BEYOND THE PERiOD,Orange
27,Shingeki no Kyojin: The Final Season - Kanketsu-hen,MAPPA
140,JoJo no Kimyou na Bouken Part 4: Diamond wa Kudakenai,David Production
489,Golden Kamuy 4th Season,Brain's Base
286,Tunshi Xingkong 2nd Season,Sparkly Key Animation Studio
716,Hokuto no Ken,Toei Animation
262,Major S6,SynergySP
195,Natsume Yuujinchou Roku Specials,Shuka
562,The Fable,Tezuka Productions
557,Quanzhi Gaoshou: Dianfeng Rongyao,Colored Pencil Animation
923,K-On!!: Keikaku!,Kyoto Animation
8,Gintama',Sunrise
967,Shingeki no Kyojin: Lost Girls,Wit Studio
667,Kara no Kyoukai Movie: Mirai Fukuin,ufotable
214,Haikyuu!! To the Top,Production I.G
700,Mahou Shoujo Lyrical Nanoha A's,Seven Arcs
202,Houseki no Kuni,Orange
699,Romantic Killer,domerica
93,Made in Abyss Movie 3: Fukaki Tamashii no Reimei,Kinema Citrus
164,Owarimonogatari,Shaft
335,Doupo Cangqiong 4th Season,Motion Magic
126,Fruits Basket 2nd Season,TMS Entertainment
704,Rising Impact Season 2,Lay-duce
818,Fanren Xiu Xian Chuan 2nd Season,Original Force
818,Fanren Xiu Xian Chuan 2nd Season,Wonder Cat Animation
850,Code Geass: Hangyaku no Lelouch I - Koudou,Sunrise
911,Sekaiichi Hatsukoi OVA,Studio Deen
630,Tonikaku Kawaii: SNS,Seven Arcs
318,Tenkuu no Shiro Laputa,Studio Ghibli
47,Cowboy Bebop,Sunrise
241,Fumetsu no Anata e,Brain's Base
892,Kami nomi zo Shiru Sekai II,Manglobe
480,Princess Tutu,HAL Film Maker
626,Kimi ni Todoke,Production I.G
467,Working!!! Lord of the Takanashi,A-1 Pictures
136,Sora yori mo Tooi Basho,Madhouse
396,Dragon Ball Super: Broly,Toei Animation
57,One Piece,Toei Animation
705,Rurouni Kenshin: Meiji Kenkaku Romantan - Seisou-hen,Studio Deen
33,Mob Psycho 100 II,Bones
253,Kage no Jitsuryokusha ni Naritakute! 2nd Season,Nexus
575,Kuroshitsuji: Book of Circus,A-1 Pictures
255,Bakemonogatari,Shaft
271,Hunter x Hunter: Original Video Animation,Nippon Animation
951,Hanasaku Iroha Movie: Home Sweet Home,P.A. Works
835,Sakigake!! Cromartie Koukou,Production I.G
806,Summer Ghost,Flat Studio
176,Re:Zero kara Hajimeru Isekai Seikatsu 2nd Season Part 2,White Fox
31,Gintama. Shirogane no Tamashii-hen,Bandai Namco Pictures
76,Mushoku Tensei: Isekai Ittara Honki Dasu Part 2,Studio Bind
693,Code Geass: Hangyaku no Lelouch III - Oudou,Sunrise
695,Durarara!!x2 Shou,Shuka
736,Wu Liuqi: Jiyi Suipian,Sharefun Studio
736,Wu Liuqi: Jiyi Suipian,AHA Entertainment
765,Full Moon wo Sagashite,Studio Deen
922,Hoozuki no Reitetsu 2nd Season: Sono Ni,Studio Deen
960,Seitokai Yakuindomo Movie,GoHands
573,Kidou Senshi Gundam: Tekketsu no Orphans,Sunrise
152,Fate/stay night Movie: Heaven's Feel - II. Lost Butterfly,ufotable
89,Haikyuu!! Second Season,Production I.G
887,Doupo Cangqiong 3rd Season,Motion Magic
91,Made in Abyss: Retsujitsu no Ougonkyou,Kinema Citrus
474,Interstella5555: The 5tory of The 5ecret 5tar 5ystem,Toei Animation
776,Touhai Densetsu Akagi: Yami ni Maiorita Tensai,Madhouse
731,Shokugeki no Souma: San no Sara - Tootsuki Ressha-hen,J.C.Staff
898,Magic Kaito 1412,A-1 Pictures
938,Sekaiichi Hatsukoi Movie: Yokozawa Takafumi no Baai,Studio Deen
868,Ookiku Furikabutte,A-1 Pictures
18,Gintama,Sunrise
703,ReLIFE,TMS Entertainment
399,Maison Ikkoku,Studio Deen
246,Usagi Drop,Production I.G
320,Gyakkyou Burai Kaiji: Ultimate Survivor,Madhouse
117,Shingeki no Kyojin,Wit Studio
0,Road of Naruto,Pierrot
80,Made in Abyss,Kinema Citrus
269,Ginga Eiyuu Densetsu: Die Neue These - Gekitotsu,Production I.G
85,Tengen Toppa Gurren Lagann,Gainax
287,Tunshi Xingkong 4th Season,Sparkly Key Animation Studio
660,Kaichou wa Maid-sama!,J.C.Staff
888,Ginga Eiyuu Densetsu: Waga Yuku wa Hoshi no Taikai,Kitty Film Mitaka Studio
381,Kuroko no Basket 2nd Season,Production I.G
254,One Outs,Madhouse
824,Ergo Proxy,Manglobe
709,Youkoso Jitsuryoku Shijou Shugi no Kyoushitsu e 3rd Season,Lerche
174,Golden Kamuy 3rd Season,Geno Studio
295,Redline,Madhouse
569,Ginga Eiyuu Densetsu: Die Neue These - Seiran 1,Production I.G
990,Oomuro-ke: Dear Sisters,Passione
990,Oomuro-ke: Dear Sisters,Studio Lings
514,Koukaku Kidoutai: Stand Alone Complex - Solid State Society,Production I.G
933,Magi: Sinbad no Bouken (TV),Lay-duce
423,Made in Abyss Movie 1: Tabidachi no Yoake,Kinema Citrus
785,City Hunter,Sunrise
231,K-On! Movie,Kyoto Animation
687,Yuri!!! on Ice: Yuri Plisetsky GPF in Barcelona EX - Welcome to The Madness,MAPPA
900,Meitantei Conan Movie 23: Konjou no Fist,TMS Entertainment
138,Kara no Kyoukai Movie 5: Mujun Rasen,ufotable
736,Wu Liuqi: Jiyi Suipian,Sharefun Studio
736,Wu Liuqi: Jiyi Suipian,AHA Entertainment
236,Yahari Ore no Seishun Love Comedy wa Machigatteiru. Kan,feel.
102,Tengen Toppa Gurren Lagann Movie 2: Lagann-hen,Gainax
56,Mushishi Zoku Shou 2nd Season,Artland
802,Meitantei Conan OVA 09: 10-nengo no Stranger,TMS Entertainment
446,"Kamisama Hajimemashita: Kamisama, Shiawase ni Naru",TMS Entertainment
35,Jujutsu Kaisen 2nd Season,MAPPA
5,Shingeki no Kyojin Season 3 Part 2,Wit Studio
895,Kidou Senshi Gundam: Suisei no Majo,Sunrise
753,Love Live! Superstar!!,Sunrise
788,Full Metal Panic! The Second Raid,Kyoto Animation
542,Haikyuu!! Movie 2: Shousha to Haisha,Production I.G
568,Ginga Eiyuu Densetsu Gaiden (1999),K-Factory
199,Sayonara no Asa ni Yakusoku no Hana wo Kazarou,P.A. Works
758,Shingeki no Kyojin Movie 2: Jiyuu no Tsubasa,Wit Studio
840,Zetsuen no Tempest,Bones
810,Aikatsu! 10th Story: Mirai e no Starway (2023),Bandai Namco Pictures
441,Cang Yuan Tu,Shenman Entertainment
725,Nagi no Asu kara,P.A. Works
46,Kaguya-sama wa Kokurasetai: First Kiss wa Owaranai,A-1 Pictures
206,Made in Abyss Movie 2: Hourou Suru Tasogare,Kinema Citrus
555,Kuroko no Basket Movie 4: Last Game,Production I.G
118,"Shinseiki Evangelion Movie: Air/Magokoro wo, Kimi ni",Gainax
118,"Shinseiki Evangelion Movie: Air/Magokoro wo, Kimi ni",Production I.G
636,Full Metal Panic? Fumoffu,Kyoto Animation
719,Bishoujo Senshi Sailor Moon: Sailor Stars,Toei Animation
329,Shinsekai yori,A-1 Pictures
72,Howl no Ugoku Shiro,Studio Ghibli
596,Douluo Dalu II: Jueshi Tangmen,Sparkly Key Animation Studio
112,Natsume Yuujinchou Go,Shuka
549,Girls & Panzer: Saishuushou Part 2,Actas
958,Seihou Bukyou Outlaw Star,Sunrise
221,Mushoku Tensei: Isekai Ittara Honki Dasu,Studio Bind
584,Kuroshitsuji: Book of Murder,A-1 Pictures
386,Saiki Kusuo no ?-nan: Kanketsu-hen,J.C.Staff
386,Saiki Kusuo no ?-nan: Kanketsu-hen,Egg Firm
158,Gintama: The Semi-Final,Bandai Namco Pictures
680,Kidou Senshi Gundam 0080: Pocket no Naka no Sensou,Sunrise
832,Lupin III (2015),Telecom Animation Film
942,Wanmei Shijie,Foch Film
807,Trigun: Badlands Rumble,Madhouse
809,Vanitas no Karte,Bones
598,Azumanga Daiou The Animation,J.C.Staff
570,Hyouka,Kyoto Animation
875,Zhu Xian 2nd Season,Cloud Art
543,Hajime no Ippo: Boxer no Kobushi,Madhouse
388,xxxHOLiC?Kei,Production I.G
353,IDOLiSH7 Third Beat!,TROYCA
635,Black Lagoon: Roberta's Blood Trail,Madhouse
964,Umibe no Étranger,Studio Hibari
517,Precure All Stars Movie F,Toei Animation
504,Buddy Daddies,P.A. Works
213,Cross Game,SynergySP
412,Girls & Panzer Movie,Actas
21,Code Geass: Hangyaku no Lelouch R2,Sunrise
368,Tengoku Daimakyou,Production I.G
909,Wu Shan Wu Xing (2020),Samsara Animation Studio
316,Steins;Gate: Kyoukaimenjou no Missing Link - Divide By Zero,White Fox
222,Non Non Biyori Nonstop,SILVER LINK.
755,Mawaru Penguindrum,Brain's Base
880,Giji Harem,Nomad
314,Nodame Cantabile,J.C.Staff
513,Kono Subarashii Sekai ni Shukufuku wo!,Studio Deen
495,Kamisama Hajimemashita,TMS Entertainment
111,Nana,Madhouse
706,Shingeki no Kyojin Movie: Kanketsu-hen - The Last Attack,MAPPA
490,Katekyou Hitman Reborn!,Artland
619,Kill la Kill,Trigger
123,JoJo no Kimyou na Bouken Part 6: Stone Ocean Part 3,David Production
683,School Rumble Ni Gakki,Studio Comet
804,SKET Dance: Imouto no Nayami ni Nayamu Ani ni Nayamu Imouto to Sono Nakama-tachi,Tatsunoko Production
471,IDOLiSH7 Second Beat!,TROYCA
601,Gosick,Bones
362,Shoujo Shuumatsu Ryokou,White Fox
392,Great Pretender,Wit Studio
125,Fate/Zero 2nd Season,ufotable
357,Kono Sekai no Katasumi ni,MAPPA
303,Diamond no Ace: Act II,Madhouse
526,Gin no Saji,A-1 Pictures
210,Gintama°: Aizome Kaori-hen,Bandai Namco Pictures
281,Ookami to Koushinryou II,Brain's Base
281,Ookami to Koushinryou II,Marvy Jack
401,One Piece Movie 14: Stampede,Toei Animation
324,Dororo,Tezuka Productions
324,Dororo,MAPPA
810,Yuri!!! on Ice,MAPPA
679,Honzuki no Gekokujou: Shisho ni Naru Tame ni wa Shudan wo Erandeiraremasen,Ajia-do
841,Zoku Sayonara Zetsubou Sensei,Shaft
50,Monogatari Series: Off & Monster Season,Shaft
450,Sono Bisque Doll wa Koi wo Suru,CloverWorks
947,Hoozuki no Reitetsu OVA,Studio Deen
947,Hoozuki no Reitetsu OVA,Wit Studio
404,Stand By Me Doraemon 2,Shirogumi
404,Stand By Me Doraemon 2,Shin-Ei Animation
457,Dr. Stone: New World,TMS Entertainment
718,Aria the Origination: Sono Choppiri Himitsu no Basho ni...,HAL Film Maker
657,D.Gray-man,TMS Entertainment
124,Kimi ni Todoke 3rd Season,Production I.G
609,Wan Sheng Jie 2,Fenz
609,Wan Sheng Jie 2,HMCH
447,Lycoris Recoil,A-1 Pictures
708,Youjo Senki,Nut
760,Wotaku ni Koi wa Muzukashii,A-1 Pictures
250,Natsume Yuujinchou: Itsuka Yuki no Hi ni,Brain's Base
200,Blue Giant,Nut
745,Kindaichi Shounen no Jikenbo,Toei Animation
766,Hidamari Sketch x Honeycomb,Shaft
473,Given: Uragawa no Sonzai,Lerche
640,Juuni Kokuki,Pierrot
173,Doupo Cangqiong: Nian Fan,Motion Magic
375,Magi: The Kingdom of Magic,A-1 Pictures
631,Wan Sheng Jie 3,Fenz
631,Wan Sheng Jie 3,HMCH
929,K-On!: Live House!,Kyoto Animation
0,Violet Evergarden CMs,Kyoto Animation
131,Gintama Movie 1: Shinyaku Benizakura-hen,Sunrise
694,Dragon Ball,Toei Animation
772,One Piece Film: Strong World Episode 0,Toei Animation
351,Bakemono no Ko,Studio Chizu
618,Karakai Jouzu no Takagi-san 2,Shin-Ei Animation
215,Kara no Kyoukai Movie 7: Satsujin Kousatsu (Go),ufotable
860,Meitantei Conan Movie 02: 14-banme no Target,TMS Entertainment
40,Haikyuu!! Karasuno Koukou vs. Shiratorizawa Gakuen Koukou,Production I.G
637,Ginga Nagareboshi Gin,Toei Animation
220,Meitantei Conan Movie 26: Kurogane no Submarine,TMS Entertainment
297,Suzume no Tojimari,CoMix Wave Films
406,xxxHOLiC Rou,Production I.G
781,Yakitate!! Japan,Sunrise
360,Nodame Cantabile Finale,J.C.Staff
394,InuYasha: Kanketsu-hen,Sunrise
697,Kakushigoto,Ajia-do
156,Banana Fish,MAPPA
773,Phantom: Requiem for the Phantom,Bee Train
337,Golden Kamuy 2nd Season,Geno Studio
523,Youkoso Jitsuryoku Shijou Shugi no Kyoushitsu e 2nd Season,Lerche
689,xxxHOLiC,Production I.G
319,Tsubasa: Tokyo Revelations,Production I.G
14,Bleach: Sennen Kessen-hen - Soukoku-tan,Pierrot Films
746,Kobato.,Madhouse
155,Yuu?Yuu?Hakusho,Pierrot
169,Mushoku Tensei II: Isekai Ittara Honki Dasu Part 2,Studio Bind
165,Steins;Gate Movie: Fuka Ryouiki no Déjà vu,White Fox
708,Yofukashi no Uta,LIDENFILMS
963,Tsuki ga Michibiku Isekai Douchuu 2nd Season,J.C.Staff
951,Haikyuu!! Riku vs. Kuu,Production I.G
325,Hunter x Hunter: Greed Island Final,Nippon Animation
617,Glass no Kamen (2005),Tokyo Movie Shinsha
545,Hidamari Sketch: Sae Hiro Sotsugyou-hen,Shaft
662,Kidou Senshi Gundam: Dai 08 MS Shoutai,Sunrise
726,Niehime to Kemono no Ou,J.C.Staff
130,Bakuman. 3rd Season,J.C.Staff
881,Higurashi no Naku Koro ni,Studio Deen
157,Chihayafuru 3,Madhouse
958,Otonari no Tenshi-sama ni Itsunomanika Dame Ningen ni Sareteita Ken,Project No.9
43,Shingeki no Kyojin: The Final Season Part 2,MAPPA
533,Tsubasa: Shunraiki,Production I.G
483,"Shangri-La Frontier: Kusoge Hunter, Kamige ni Idoman to su 2nd Season",C2C
751,Sakasama no Patema,Studio Rikka
751,Sakasama no Patema,Purple Cow Studio Japan
69,Violet Evergarden,Kyoto Animation
603,Omoide no Marnie,Studio Ghibli
875,Berserk: Ougon Jidai-hen II - Doldrey Kouryaku,Studio 4°C
416,Major S2,Studio Hibari
525,Durarara!!,Brain's Base
437,Holo no Graffiti,Hololive Production
444,Higurashi no Naku Koro ni Kai,Studio Deen
592,Angel Beats!,P.A. Works
604,Paprika,Madhouse
278,Kingdom 2nd Season,Pierrot
321,Hajime no Ippo: Champion Road,Madhouse
79,Haikyuu!! Movie: Gomisuteba no Kessen,Production I.G
469,Death Parade,Madhouse
737,Yi Nian Yong Heng,B.CMAY PICTURES
475,Kidou Senshi Gundam: The Origin - Zenya Akai Suisei,Sunrise
183,Saenai Heroine no Sodatekata Fine,CloverWorks
597,Haikyuu!! Movie 1: Owari to Hajimari,Production I.G
170,Grand Blue,Zero-G
572,Kamisama Hajimemashita OVA,TMS Entertainment
787,Eyeshield 21,Gallop
863,Jigoku Shoujo Futakomori,Studio Deen
935,Musekinin Kanchou Tylor,Tatsunoko Production
190,Shingeki no Kyojin: Kuinaki Sentaku,Wit Studio
877,Boku no Hero Academia 4th Season,Bones
890,High?Speed! Movie: Free! Starting Days,Kyoto Animation
327,Kuroshitsuji Movie: Book of the Atlantic,A-1 Pictures
0,Shelter (Music),A-1 Pictures
961,Tiger & Bunny,Sunrise
771,Nekomonogatari: Kuro,Shaft
627,Kono Subarashii Sekai ni Shukufuku wo! 2: Kono Subarashii Geijutsu ni Shukufuku wo!,Studio Deen
678,Hanada Shounen-shi,Madhouse
317,Tanoshii Muumin Ikka,Telescreen
479,Nodame Cantabile: Paris-hen,J.C.Staff
135,Shoujo?Kageki Revue Starlight Movie,Kinema Citrus
704,Rising Impact Season 2,Lay-duce
552,Karasu wa Aruji wo Erabanai,Pierrot
86,Bungou Stray Dogs 5th Season,Bones
333,Sennen Joyuu,Madhouse
648,Summer Wars,Madhouse
326,Kono Subarashii Sekai ni Shukufuku wo! 2,Studio Deen
931,"Komi-san wa, Comyushou desu.",OLM
638,Hibike! Euphonium,Kyoto Animation
576,Kyou kara Ore wa!!,Pierrot
893,Kengan Ashura Season 2 Part 2,Larx Entertainment
982,Hug tto! Precure,Toei Animation
413,Haikyuu!! Movie 3: Sainou to Sense,Production I.G
670,Aria the OVA: Arietta,HAL Film Maker
25,Monster,Madhouse
167,JoJo no Kimyou na Bouken Part 3: Stardust Crusaders - Egypt-hen,David Production
397,Dragon Ball Z,Toei Animation
808,Tsue to Tsurugi no Wistoria,Actas
808,Tsue to Tsurugi no Wistoria,Bandai Namco Pictures
783,Aishang Ta de Liyou Extra,Red Dog Culture House
274,Evangelion Movie 2: Ha,Khara
443,Fate/stay night Movie: Heaven's Feel - I. Presage Flower,ufotable
925,Machikado Mazoku: 2-choume,J.C.Staff
733,Tekkon Kinkreet,Studio 4°C
468,Black Clover,Pierrot
738,Boku no Hero Academia the Movie 2: Heroes:Rising,Bones
338,Gyakkyou Burai Kaiji: Hakairoku-hen,Madhouse
367,SKET Dance,Tatsunoko Production
238,"Violet Evergarden: Kitto ""Ai"" wo Shiru Hi ga Kuru no Darou",Kyoto Animation
720,Gake no Ue no Ponyo,Studio Ghibli
115,Perfect Blue,Madhouse
166,Zoku Owarimonogatari,Shaft
506,Fullmetal Alchemist,Bones
203,Vivy: Fluorite Eye's Song,Wit Studio
595,Dorohedoro,MAPPA
983,Id:Invaded,NAZ
415,Initial D Second Stage,Pastel
664,Naruto,Pierrot
623,Meitantei Conan Movie 04: Hitomi no Naka no Ansatsusha,TMS Entertainment
159,Mo Dao Zu Shi,B.CMAY PICTURES
350,Youjo Senki Movie,Nut
750,Noragami,Bones
653,Baby Steps 2nd Season,Pierrot
634,Zhan Shen: Fanchen Shenyu,Shenman Entertainment
497,Mahou Shoujo Lyrical Nanoha: The Movie 2nd A's,Seven Arcs
417,Major S4,SynergySP
613,BanG Dream! Movie: Episode of Roselia - II: Song I Am.,SANZIGEN
194,Kamisama Hajimemashita: Kako-hen,TMS Entertainment
141,Ousama Ranking,Wit Studio
936,One Piece 3D2Y: Ace no shi wo Koete! Luffy Nakama Tono Chikai,Toei Animation
913,Tennis no Oujisama,Trans Arts
957,Nige Jouzu no Wakagimi,CloverWorks
187,Hunter x Hunter,Nippon Animation
435,Ginga Eiyuu Densetsu: Die Neue These - Seiran 2,Production I.G
724,Major Movie: Yuujou no Winning Shot,Xebec
528,Honzuki no Gekokujou: Shisho ni Naru Tame ni wa Shudan wo Erandeiraremasen 2nd Season,Ajia-do
757,Osomatsu-san,Pierrot
577,Mahoutsukai no Yome,Wit Studio
649,Toaru Kagaku no Railgun S,J.C.Staff
639,Given Movie 2: Hiiragi Mix,Lerche
51,Kimetsu no Yaiba: Yuukaku-hen,ufotable
538,Fumetsu no Anata e Season 2,Drive
907,Wu Dong Qian Kun 3rd Season,DC Impression Vision
422,Little Busters! Refrain,J.C.Staff
453,Shinigami Bocchan to Kuro Maid 3rd Season,J.C.Staff
534,Tsukimonogatari,Shaft
424,Meitantei Conan,TMS Entertainment
330,Stranger: Mukou Hadan,Bones
503,Stand By Me Doraemon,Shirogumi
503,Stand By Me Doraemon,Shin-Ei Animation
249,Kiseijuu: Sei no Kakuritsu,Madhouse
749,Non Non Biyori,SILVER LINK.
409,Ballroom e Youkoso,Production I.G
585,Meitantei Conan Movie 25: Halloween no Hanayome,TMS Entertainment
799,Kaleido Star,Gonzo
383,Meitantei Conan Movie 13: Shikkoku no Chaser,Tokyo Movie Shinsha
383,Meitantei Conan Movie 13: Shikkoku no Chaser,TMS Entertainment
376,Major S1,Studio Hibari
96,Dungeon Meshi,Trigger
794,"Natsu e no Tunnel, Sayonara no Deguchi",CLAP
22,Gintama Movie 2: Kanketsu-hen - Yorozuya yo Eien Nare,Sunrise
229,Hellsing Ultimate,Madhouse
229,Hellsing Ultimate,Satelight
229,Hellsing Ultimate,Graphinica
531,Kuroko no Basket: Saikou no Present desu,Production I.G
65,Code Geass: Hangyaku no Lelouch,Sunrise
661,Kidou Keisatsu Patlabor 2 the Movie,Production I.G
377,Major S3,Studio Hibari
792,Kokoro Connect: Michi Random,SILVER LINK.
263,Natsume Yuujinchou Go Specials,Shuka
641,Kara no Kyoukai Movie 3: Tsuukaku Zanryuu,ufotable
686,Wolf's Rain OVA,Bones
205,Kaze ga Tsuyoku Fuiteiru,Production I.G
332,World Trigger 3rd Season,Toei Animation
812,BanG Dream! Movie: Poppin' Dream!,SANZIGEN
536,Zankyou no Terror,MAPPA
463,Kyoukai no Kanata Movie 2: I'll Be Here - Mirai-hen,Kyoto Animation
37,Shingeki no Kyojin: The Final Season,MAPPA
615,Dennou Coil,Madhouse
315,Space?Dandy 2nd Season,Bones
624,Meitantei Conan Movie 10: Tantei-tachi no Requiem,TMS Entertainment
264,NHK ni Youkoso!,Gonzo
430,Black Lagoon: The Second Barrage,Madhouse
932,Liang Bu Yi 2nd Season,Paper Plane Animation Studio
379,Sasaki to Miyano,Studio Deen
208,Cowboy Bebop: Tengoku no Tobira,Bones
861,Osomatsu-san Movie,Pierrot
122,Steins;Gate 0,White Fox
674,Hachimitsu to Clover,J.C.Staff
593,Darker than Black: Kuro no Keiyakusha,Bones
927,Oniisama e...,Tezuka Productions
313,Ore dake Level Up na Ken,A-1 Pictures
682,Saint Seiya: The Lost Canvas - Meiou Shinwa,TMS Entertainment
607,Tunshi Xingkong,Sparkly Key Animation Studio
99,Suzumiya Haruhi no Shoushitsu,Kyoto Animation
323,Chi. Chikyuu no Undou ni Tsuite,Madhouse
456,Yi Nian Yong Heng: Chuan Cheng Pian,B.CMAY PICTURES
328,Planetes,Sunrise
537,Baccano! Specials,Brain's Base
768,Gochuumon wa Usagi desu ka? Bloom,Encourage Films
312,Naruto: Shippuuden,Pierrot
847,Yuzuki-san Chi no Yonkyoudai.,Shuka
356,Kamisama Hajimemashita?,TMS Entertainment
26,Owarimonogatari 2nd Season,Shaft
921,Hibike! Euphonium Movie 2: Todoketai Melody,Kyoto Animation
100,Seishun Buta Yarou wa Yumemiru Shoujo no Yume wo Minai,CloverWorks
646,SK?,Bones
821,Ie Naki Ko Remy,Nippon Animation
977,Enen no Shouboutai: Ni no Shou,David Production
34,Re:Zero kara Hajimeru Isekai Seikatsu 3rd Season,White Fox
915,Top wo Nerae! Gunbuster,Gainax
825,Final Fantasy VII: Advent Children Complete,Square Enix Visual Works
105,JoJo no Kimyou na Bouken Part 5: Ougon no Kaze,David Production
177,Jujutsu Kaisen 0 Movie,MAPPA
273,Diamond no Ace: Second Season,Production I.G
273,Diamond no Ace: Second Season,Madhouse
477,Lupin III: Part 5,Telecom Animation Film
334,Boku no Kokoro no Yabai Yatsu,Shin-Ei Animation
666,Kami nomi zo Shiru Sekai: Megami-hen,Manglobe
681,Koukaku Kidoutai: Stand Alone Complex 2nd GIG - Individual Eleven,Production I.G
955,Kono Subarashii Sekai ni Shukufuku wo!: Kono Subarashii Choker ni Shukufuku wo!,Studio Deen
524,Detroit Metal City,Studio 4°C
242,IDOLiSH7 Third Beat! Part 2,TROYCA
962,Tokyo Revengers: Tenjiku-hen,LIDENFILMS
741,Hikaru no Go: Hokuto Hai e no Michi,Pierrot
909,Zan Sayonara Zetsubou Sensei,Shaft
7,Gintama: The Final,Bandai Namco Pictures
113,Ookami Kodomo no Ame to Yuki,Studio Chizu
87,"""Oshi no Ko"" 2nd Season",Doga Kobo
740,Fate/Grand Order: Zettai Majuu Sensen Babylonia,CloverWorks
340,Hajime no Ippo: Mashiba vs. Kimura,Madhouse
602,Mononoke Movie: Karakasa,EOTA
154,Summertime Render,OLM
41,Hajime no Ippo,Madhouse
0,Master Piece The Animation,T-Rex
658,Evangelion Movie 1: Jo,Khara
769,Hanamonogatari,Shaft
120,Slam Dunk,Toei Animation
554,Kidou Senshi Gundam 00 Second Season,Sunrise
267,86,A-1 Pictures
942,Yume-iro Pâtissière,Studio Hibari
266,Sasaki to Miyano Movie: Sotsugyou-hen,Studio Deen
502,Saiki Kusuo no ?-nan: ?-shidou-hen,J.C.Staff
502,Saiki Kusuo no ?-nan: ?-shidou-hen,Egg Firm
12,Ginga Eiyuu Densetsu,K-Factory
12,Ginga Eiyuu Densetsu,Kitty Film Mitaka Studio
258,Seishun Buta Yarou wa Randoseru Girl no Yume wo Minai,CloverWorks
66,Mushishi Zoku Shou,Artland
663,Meitantei Conan Movie 15: Chinmoku no Quarter,TMS Entertainment
207,Chihayafuru 2,Madhouse
625,NieR:Automata Ver1.1a Part 2,A-1 Pictures
537,Ansatsu Kyoushitsu,Lerche
858,Macross F,Satelight
505,Diamond no Ace,Production I.G
505,Diamond no Ace,Madhouse
702,Ookiku Furikabutte: Natsu no Taikai-hen,A-1 Pictures
919,Carole & Tuesday,Bones
668,Kimi ni Todoke 2nd Season,Production I.G
185,Wu Liuqi: Xuanwu Guo Pian,Sharefun Studio
227,Gintama: Shiroyasha Koutan,Sunrise
419,Non Non Biyori Repeat,SILVER LINK.
611,5-toubun no Hanayome ?,Bibury Animation Studios
871,Shijou Saikyou no Deshi Kenichi OVA,Brain's Base
706,Shingeki no Kyojin Movie: Kanketsu-hen - The Last Attack,MAPPA
845,Tokyo Revengers,LIDENFILMS
296,Rurouni Kenshin: Meiji Kenkaku Romantan,Gallop
296,Rurouni Kenshin: Meiji Kenkaku Romantan,Studio Deen
591,Yowamushi Pedal: Grande Road,TMS Entertainment
748,Macross: Do You Remember Love?,Tatsunoko Production
760,xxxHOLiC Movie: Manatsu no Yoru no Yume,Production I.G
189,Saiki Kusuo no ?-nan 2,J.C.Staff
189,Saiki Kusuo no ?-nan 2,Egg Firm
129,Koukaku Kidoutai: Stand Alone Complex 2nd GIG,Production I.G
71,Hajime no Ippo: New Challenger,Madhouse
931,Kaleido Star: Legend of Phoenix - Layla Hamilton Monogatari,Gonzo
494,JoJo no Kimyou na Bouken Part 3: Stardust Crusaders,David Production
866,Non Non Biyori Repeat: Hotaru ga Tanoshinda,SILVER LINK.
790,Kidou Senshi Gundam: Suisei no Majo Season 2,Sunrise
721,Girls & Panzer: Saishuushou Part 1,Actas
24,Kusuriya no Hitorigoto,OLM
24,Kusuriya no Hitorigoto,TOHO animation STUDIO
97,"""Oshi no Ko""",Doga Kobo
103,Kenpuu Denki Berserk,OLM
9,Hunter x Hunter (2011),Madhouse
867,One Piece Film: Gold,Toei Animation
288,Ano Hi Mita Hana no Namae wo Bokutachi wa Mada Shiranai.,A-1 Pictures
223,One Piece: Gyojin Tou-hen,Toei Animation
778,Yowamushi Pedal,TMS Entertainment
75,Mushishi,Artland
715,High Score Girl: Extra Stage,J.C.Staff
358,Mahou Shoujo Madoka?Magica Movie 1: Hajimari no Monogatari,Shaft
608,Tsuki ga Kirei,feel.
493,Paripi Koumei,P.A. Works
722,High Score Girl II,J.C.Staff
137,Yuru Camp? Season 2,C-Station
454,Spy x Family Movie: Code: White,Wit Studio
454,Spy x Family Movie: Code: White,CloverWorks
654,BanG Dream! 3rd Season,SANZIGEN
597,Durarara!!x2 Ketsu,Shuka
605,Persona 3 the Movie 4: Winter of Rebirth,A-1 Pictures
557,Overlord IV,Madhouse
782,Yuru Yuri San?Hai!,TYO Animations
589,Toradora!,J.C.Staff
656,Boku no Hero Academia 3rd Season,Bones
59,86 Part 2,A-1 Pictures
510,Gintama°: Umai-mono wa Atomawashi ni Suru to Yokodorisareru kara Yappari Saki ni Kue,Bandai Namco Pictures
29,Kimi no Na wa.,CoMix Wave Films
247,Violet Evergarden: Recollections,Kyoto Animation
652,Yahari Ore no Seishun Love Comedy wa Machigatteiru.,Brain's Base
407,Yojouhan Time Machine Blues,Science SARU
15,Gintama.,Bandai Namco Pictures
508,Akatsuki no Yona OVA,Pierrot
578,Meitantei Conan Movie 08: Ginyoku no Magician,TMS Entertainment
363,Trigun,Madhouse
182,Natsume Yuujinchou Movie: Utsusemi ni Musubu,Shuka
501,One Piece: Episode of Nami - Koukaishi no Namida to Nakama no Kizuna,Toei Animation
492,Kaze Tachinu,Studio Ghibli
855,Hoozuki no Reitetsu 2nd Season,Studio Deen
304,Doraemon Movie 31: Shin Nobita to Tetsujin Heidan - Habatake Tenshi-tachi,Shin-Ei Animation
499,One Piece Film: Z,Toei Animation
307,Gin no Saji 2nd Season,A-1 Pictures
458,Dr. Stone: Ryuusui,TMS Entertainment
822,Berserk: Ougon Jidai-hen - Memorial Edition,Studio 4°C
188,Saiki Kusuo no ?-nan,J.C.Staff
188,Saiki Kusuo no ?-nan,Egg Firm
834,Mahoutsukai no Yome Season 2 Part 2,Studio Kafka
753,Kono Oto Tomare!,Platinum Vision
629,Omae Umasou da na,Ajia-do
828,Jormungand: Perfect Order,White Fox
509,Chuunibyou demo Koi ga Shitai! Movie: Take On Me,Kyoto Animation
817,Densetsu Kyojin Ideon: Hatsudou-hen,Sunrise
418,Nomad: Megalo Box 2,TMS Entertainment
52,Kingdom 4th Season,Pierrot
52,Kingdom 4th Season,Studio Signpost
856,JoJo no Kimyou na Bouken (TV),David Production
373,Kaguya-hime no Monogatari,Studio Ghibli
53,Kingdom 5th Season,Pierrot
53,Kingdom 5th Season,Studio Signpost
276,Katanagatari,White Fox
390,Bungou Stray Dogs 3rd Season,Bones
81,Natsume Yuujinchou Shi,Brain's Base
244,Dr. Stone: New World Part 2,TMS Entertainment
752,Kobayashi-san Chi no Maid Dragon,Kyoto Animation
461,Non Non Biyori Nonstop: Bukatsu wo Ganbatta,SILVER LINK.
355,Bocchi the Rock! Movie,CloverWorks
550,Hikaru no Go,Pierrot
265,Romeo no Aoi Sora,Nippon Animation
645,Shadows House 2nd Season,CloverWorks
633,Yuru Camp? Season 3,8bit
853,Free! Eternal Summer: Kindan no All Hard!,Kyoto Animation
853,Free! Eternal Summer: Kindan no All Hard!,Animation Do
311,Koukaku Kidoutai,Production I.G
481,Shokugeki no Souma,J.C.Staff
713,Durarara!!x2 Ten,Shuka
193,Kaguya-sama wa Kokurasetai: Tensai-tachi no Renai Zunousen,A-1 Pictures
779,Shingeki no Kyojin Season 2 Movie: Kakusei no Houkou,Wit Studio
486,Gankutsuou,Gonzo
764,Douluo Dalu,Sparkly Key Animation Studio
921,Heartcatch Precure!,Toei Animation
64,Bleach: Sennen Kessen-hen - Ketsubetsu-tan,Pierrot
884,Aishang Ta de Liyou,Red Dog Culture House
237,Versailles no Bara,Tokyo Movie Shinsha
384,Quanzhi Gaoshou Specials,Colored Pencil Animation
77,Odd Taxi,OLM
77,Odd Taxi,P.I.C.S.
688,Wan Sheng Jie,Fenz
688,Wan Sheng Jie,HMCH
796,Overlord,Madhouse
268,Ashita no Joe,Mushi Production
905,Terra e... (TV),Tokyo Kids
905,Terra e... (TV),Minami Machi Bugyousho
160,Mo Dao Zu Shi: Xian Yun Pian,B.CMAY PICTURES
90,Kaguya-sama wa Kokurasetai? Tensai-tachi no Renai Zunousen,A-1 Pictures
219,Kizumonogatari I: Tekketsu-hen,Shaft
364,Wu Liuqi: Zui Qiang Fa Xing Shi,Sharefun Studio
354,Blue Lock,8bit
402,One Piece: Episode of Merry - Mou Hitori no Nakama no Monogatari,Toei Animation
460,Lupin III: Cagliostro no Shiro,Tokyo Movie Shinsha
460,Lupin III: Cagliostro no Shiro,Telecom Animation Film
310,Kage no Jitsuryokusha ni Naritakute!,Nexus
98,Hajime no Ippo: Rising,Madhouse
98,Hajime no Ippo: Rising,MAPPA
361,Shoujo Kakumei Utena,J.C.Staff
465,Noragami Aragoto,Bones
581,Kodomo no Omocha (TV),Gallop
971,Uma Musume: Pretty Derby - Road to the Top,CygamesPictures
68,Great Teacher Onizuka,Pierrot
211,3-gatsu no Lion,Shaft
610,xxxHOLiC Shunmuki,Production I.G
580,Sakura-sou no Pet na Kanojo,J.C.Staff
487,Gintama': Futon ni Haitte kara Buki Nokoshi ni Kizuite Neru ni Nerenai Toki mo Aru,Sunrise
449,Ouran Koukou Host Club,Bones
61,Shouwa Genroku Rakugo Shinjuu: Sukeroku Futatabi-hen,Studio Deen
643,Magi: The Labyrinth of Magic,A-1 Pictures
186,Gintama: Yorinuki Gintama-san on Theater 2D,Sunrise
476,Kimetsu no Yaiba: Hashira Geiko-hen,ufotable
632,Yahari Ore no Seishun Love Comedy wa Machigatteiru. Zoku OVA,feel.
574,Koukaku Kidoutai: Stand Alone Complex - The Laughing Man,Production I.G
322,Boku no Hero Academia 6th Season,Bones
899,Mahou Shoujo Lyrical Nanoha: The Movie 1st,Seven Arcs
768,Fate/kaleid liner Prisma?Illya Movie: Sekka no Chikai,SILVER LINK.
144,Yakusoku no Neverland,CloverWorks
833,Macross,Tatsunoko Production
591,World Trigger 2nd Season,Toei Animation
949,91 Days,Shuka
149,Ansatsu Kyoushitsu 2nd Season,Lerche
672,ef: A Tale of Melodies.,Shaft
829,Karigurashi no Arrietty,Studio Ghibli
0,Gotcha!,Bones
924,Lupin III vs. Meitantei Conan: The Movie,TMS Entertainment
962,Trigun Stampede,Orange
520,Toki wo Kakeru Shoujo,Madhouse
714,Hanma Baki: Son of Ogre 2nd Season,TMS Entertainment
729,Tennis no Oujisama: Zenkoku Taikai-hen - Final,M.S.C
844,Tennis no Oujisama: Zenkoku Taikai-hen,M.S.C
926,Meitantei Conan Movie 22: Zero no Shikkounin,TMS Entertainment
168,Karakai Jouzu no Takagi-san Movie,Shin-Ei Animation
282,Kuroko no Basket 3rd Season,Production I.G
897,Lupin the IIIrd: Chikemuri no Ishikawa Goemon,Telecom Animation Film
521,Serial Experiments Lain,Triangle Staff
293,Kino no Tabi: The Beautiful World,A.C.G.T.
341,Kobayashi-san Chi no Maid Dragon S,Kyoto Animation
285,Steins;Gate: Oukoubakko no Poriomania,White Fox
815,Darker than Black: Kuro no Keiyakusha Gaiden,Bones
235,Tunshi Xingkong 3rd Season,Sparkly Key Animation Studio
420,K-On!!,Kyoto Animation
599,Fate/stay night: Unlimited Blade Works Prologue,ufotable
127,Zoku Natsume Yuujinchou,Brain's Base
184,Tian Guan Cifu,Haoliners Animation League
391,Fate/strange Fake: Whispers of Dawn,A-1 Pictures
348,Seishun Buta Yarou wa Bunny Girl Senpai no Yume wo Minai,CloverWorks
659,Fullmetal Alchemist: Brotherhood Specials,Bones
346,Mushoku Tensei II: Isekai Ittara Honki Dasu,Studio Bind
179,Kono Subarashii Sekai ni Shukufuku wo! Movie: Kurenai Densetsu,J.C.Staff
813,Bishoujo Senshi Sailor Moon S,Toei Animation
224,Tensei shitara Slime Datta Ken 2nd Season,8bit
380,Kimetsu no Yaiba: Katanakaji no Sato-hen,ufotable
243,Douluo Dalu 2nd Season,Sparkly Key Animation Studio
280,Natsume Yuujinchou,Brain's Base
819,Gakuen Babysitters,Brain's Base
0,Bleach 20th PV,Pierrot Films
342,Meitantei Conan: Episode One - Chiisaku Natta Meitantei,TMS Entertainment
512,Kidou Senshi Gundam 00,Sunrise
706,Sword Art Online: Progressive Movie - Hoshi Naki Yoru no Aria,A-1 Pictures
405,Wu Liuqi: Anying Suming,Sharefun Studio
405,Wu Liuqi: Anying Suming,AHA Entertainment
359,Mimi wo Sumaseba,Studio Ghibli
70,Natsume Yuujinchou Shichi,Shuka
142,Tian Guan Cifu Special,Haoliners Animation League
162,Rainbow: Nisha Rokubou no Shichinin,Madhouse
913,Soul Eater,Bones
0,Idol,Doga Kobo
228,Girls & Panzer: Saishuushou Part 4,Actas
691,Akagami no Shirayuki-hime 2nd Season,Bones
684,Shokugeki no Souma: San no Sara,J.C.Staff
735,Wotaku ni Koi wa Muzukashii OVA,A-1 Pictures
735,Wotaku ni Koi wa Muzukashii OVA,Lapin Track
0,Alien Stage,LICO
628,Mignon,ABJ COMPANY
301,Tenki no Ko,CoMix Wave Films
294,Major: World Series,SynergySP
588,Saint Seiya: Meiou Hades Juuni Kyuu-hen,Toei Animation
245,Hibike! Euphonium 2,Kyoto Animation
223,One Piece: Gyojin Tou-hen,Toei Animation
519,Tamayura: Sotsugyou Shashin Part 4 - Ashita,TYO Animations
622,Meitantei Conan Movie 03: Seikimatsu no Majutsushi,TMS Entertainment
234,Shinseiki Evangelion,Gainax
234,Shinseiki Evangelion,Tatsunoko Production
106,Jujutsu Kaisen,MAPPA
484,Shen Yin Wangzuo,Shenman Entertainment
872,Tennis no Oujisama: Zenkoku Taikai-hen - Semifinal,M.S.C
427,Yuukoku no Moriarty,Production I.G
226,Baccano!,Brain's Base
378,Ookami to Koushinryou,Imagin
260,Uma Musume: Pretty Derby - Shin Jidai no Tobira,CygamesPictures
403,Vanitas no Karte Part 2,Bones
600,Golden Boy,APPP
827,Ginga Sengoku Gunyuuden Rai,E&G Films
232,Kaze no Tani no Nausicaä,Topcraft
536,Yuusha-Ou GaoGaiGar Final,Sunrise
885,Cool Doji Danshi,Pierrot
387,Senki Zesshou Symphogear XV,Satelight
929,Sayonara Zetsubou Sensei,Shaft
143,Spy x Family,Wit Studio
143,Spy x Family,CloverWorks
299,Yuukoku no Moriarty Part 2,Production I.G
134,Shingeki no Kyojin Season 2,Wit Studio
283,Meitantei Conan Movie 06: Baker Street no Bourei,TMS Entertainment
84,Shingeki no Kyojin Season 3,Wit Studio
582,Koukyoushihen Eureka Seven,Bones
201,Girls Band Cry,Toei Animation
284,Sakamichi no Apollon,Tezuka Productions
284,Sakamichi no Apollon,MAPPA
669,Zombieland Saga Revenge,MAPPA
0,Hololive Alternative,Hololive Production
306,Fate/Zero,ufotable
854,Golden Kamuy,Geno Studio
529,Jigokuraku,MAPPA
434,Fanren Xiu Xian Chuan 3rd Season,Original Force
434,Fanren Xiu Xian Chuan 3rd Season,Wonder Cat Animation
743,Kidou Senshi Gundam Thunderbolt,Sunrise
272,Boku dake ga Inai Machi,A-1 Pictures
579,Meitantei Conan Movie 18: Ijigen no Sniper,TMS Entertainment
743,Kidou Senshi Gundam Thunderbolt: December Sky,Sunrise
45,Monogatari Series: Second Season,Shaft
217,Mahou Shoujo Madoka?Magica,Shaft
464,Major: Message,SynergySP
411,Fate/stay night: Unlimited Blade Works,ufotable
44,Vinland Saga,Wit Studio
530,Kidou Senshi Gundam Unicorn,Sunrise
878,Death Billiards,Madhouse
541,Ginga Eiyuu Densetsu: Arata naru Tatakai no Overture,Kitty Film Mitaka Studio
955,Michiko to Hatchin,Manglobe
616,FLCL,Gainax
616,FLCL,Production I.G
944,Beelzebub,Pierrot Plus
518,Saint Seiya: The Lost Canvas - Meiou Shinwa 2,TMS Entertainment
647,Slayers Next,E&G Films
32,Vinland Saga Season 2,MAPPA
426,No Game No Life: Zero,Madhouse
365,Yubisaki to Renren,Ajia-do
651,Tsumiki no Ie,Oh! Production
763,"Clannad: Mou Hitotsu no Sekai, Tomoyo-hen",Kyoto Animation
172,Bungou Stray Dogs 4th Season,Bones
442,Dr. Stone: Stone Wars,TMS Entertainment
755,Meitantei Conan Movie 27: 100-man Dollar no Michishirube,TMS Entertainment
196,Karakai Jouzu no Takagi-san 3,Shin-Ei Animation
823,Crayon Shin-chan Movie 09: Arashi wo Yobu Mouretsu! Otona Teikoku no Gyakushuu,Shin-Ei Animation
256,Fate/stay night: Unlimited Blade Works 2nd Season,ufotable
305,Dr. Stone,TMS Entertainment
385,ReLIFE: Kanketsu-hen,TMS Entertainment
959,Tentai Senshi Sunred 2nd Season,AIC ASTA
784,Bungou Stray Dogs: Dead Apple,Bones
836,School Rumble,Studio Comet
723,Kurenai no Buta,Studio Ghibli
240,Bakuman. 2nd Season,J.C.Staff
151,Chainsaw Man,MAPPA
820,Hidamari Sketch x ???,Shaft
870,Saiunkoku Monogatari,Madhouse
49,Look Back,Studio DURIAN
864,Kotonoha no Niwa,CoMix Wave Films
431,Bungou Stray Dogs 2nd Season,Bones
891,K-On!,Kyoto Animation
677,Haibane Renmei,Radix
436,Girls & Panzer: Saishuushou Part 3,Actas
218,Mahou Shoujo Madoka?Magica Movie 2: Eien no Monogatari,Shaft
839,Yagate Kimi ni Naru,TROYCA
336,Dungeon ni Deai wo Motomeru no wa Machigatteiru Darou ka IV: Shin Shou - Yakusai-hen,J.C.Staff
410,Chihayafuru,Madhouse
838,Ushio to Tora (TV) 2nd Season,MAPPA
838,Ushio to Tora (TV) 2nd Season,Studio VOLN
369,BanG Dream! It's MyGO!!!!!,SANZIGEN
4,Steins;Gate,White Fox
291,Doukyuusei,A-1 Pictures
58,Hibike! Euphonium 3,Kyoto Animation
259,Tensei shitara Slime Datta Ken 2nd Season Part 2,8bit
389,Yahari Ore no Seishun Love Comedy wa Machigatteiru. Zoku,feel.
542,Gintama: Nanigoto mo Saisho ga Kanjin nanode Tashou Senobisuru Kurai ga Choudoyoi,Sunrise
859,Megalo Box,TMS Entertainment
451,Tengen Toppa Gurren Lagann Movie 1: Gurren-hen,Gainax
567,City Hunter 2,Sunrise
877,Carnival Phantasm,Lerche
42,Sen to Chihiro no Kamikakushi,Studio Ghibli
655,Black Clover: Mahou Tei no Ken,Pierrot
132,Gintama. Porori-hen,Bandai Namco Pictures
560,Shokugeki no Souma: Ni no Sara,J.C.Staff
842,Shingeki no Kyojin OVA,Wit Studio
371,Cardcaptor Sakura Movie 2: Fuuin Sareta Card,Madhouse
642,"Komi-san wa, Comyushou desu. 2nd Season",OLM
482,Seirei no Moribito,Production I.G
38,Boku no Kokoro no Yabai Yatsu 2nd Season,Shin-Ei Animation
119,Shouwa Genroku Rakugo Shinjuu,Studio Deen
148,Uchuu Kyoudai,A-1 Pictures
345,Majo no Takkyuubin,Studio Ghibli
116,Haikyuu!! To the Top Part 2,Production I.G
302,Yuru Camp?,C-Station
883,Ie Naki Ko,Madhouse
883,Ie Naki Ko,TMS Entertainment
559,"Shangri-La Frontier: Kusoge Hunter, Kamige ni Idoman to su",C2C
665,Saiunkoku Monogatari 2nd Season,Madhouse
114,Kimi no Suizou wo Tabetai,Studio VOLN
452,Xian Ni,BUILD DREAM
466,Tensei shitara Slime Datta Ken,8bit
101,Shin Evangelion Movie:||,Khara
104,Mushishi Zoku Shou: Suzu no Shizuku,Artland
78,Fate/stay night Movie: Heaven's Feel - III. Spring Song,ufotable
943,Ano Hi Mita Hana no Namae wo Bokutachi wa Mada Shiranai. Movie,A-1 Pictures
425,Meitantei Conan Movie 20: Junkoku no Nightmare,TMS Entertainment
650,Tokyo Magnitude 8.0,Bones
650,Tokyo Magnitude 8.0,Kinema Citrus
789,Initial D Third Stage,Studio Deen
827,Hanasaku Iroha,P.A. Works
940,Urusei Yatsura 2: Beautiful Dreamer,Pierrot
88,Death Note,Madhouse
516,Ookami to Koushinryou: Merchant Meets the Wise Wolf,Passione
522,Tsurune: Tsunagari no Issha,Kyoto Animation
986,Kara no Kyoukai Movie 4: Garan no Dou,ufotable
146,Mob Psycho 100,Bones
298,Tokyo Godfathers,Madhouse
794,Love Live! The School Idol Movie,Sunrise
279,Luo Xiao Hei Zhan Ji (Movie),HMCH
946,Durarara!! Specials,Brain's Base
153,Nichijou,Kyoto Animation
209,Fruits Basket: Prelude,TMS Entertainment
692,Aria the Benedizione,J.C.Staff
439,Akira,Tokyo Movie Shinsha
73,Tian Guan Cifu Er,Red Dog Culture House
261,Kaijuu 8-gou,Production I.G
28,Violet Evergarden Movie,Kyoto Animation
204,Josee to Tora to Sakana-tachi,Bones
429,Bakuman.,J.C.Staff
675,Bungou Stray Dogs Wan!,Bones
675,Bungou Stray Dogs Wan!,Nomad
757,Nurarihyon no Mago: Sennen Makyou,Studio Deen
147,One Punch Man,Madhouse
83,Shiguang Dailiren II,LAN Studio
542,Gridman Universe,Trigger
863,Kidou Senshi Gundam: Suisei no Majo - Prologue,Sunrise
852,Drifters,Hoods Entertainment
180,Koukaku Kidoutai: Stand Alone Complex,Production I.G
583,Kuroko no Basket,Production I.G
690,5-toubun no Hanayome?,Shaft
865,New Initial D Movie: Legend 3 - Mugen,SANZIGEN
865,New Initial D Movie: Legend 3 - Mugen,LIDENFILMS
563,Uchouten Kazoku 2,P.A. Works
421,Kotarou wa Hitorigurashi,LIDENFILMS
671,Clannad,Kyoto Animation
763,Dead Dead Demons Dededede Destruction (OVA),Production +h.
948,5-toubun no Hanayome Movie,Bibury Animation Studios
445,Horimiya: Piece,CloverWorks
775,Takarajima,Tokyo Movie Shinsha
851,Dragon Ball Daima,Toei Animation
2,Fullmetal Alchemist: Brotherhood,Bones
16,Fruits Basket: The Final,TMS Entertainment
62,Mob Psycho 100 III,Bones
507,Initial D Fifth Stage,SynergySP
496,Kuragehime,Brain's Base
225,Ao no Hako,Telecom Animation Film
414,Hunter x Hunter: Greed Island,Nippon Animation
489,Hinamatsuri,feel.
774,Quanzhi Gaoshou 2,Colored Pencil Animation
676,Dungeon ni Deai wo Motomeru no wa Machigatteiru Darou ka V: Houjou no Megami-hen,J.C.Staff
785,Cike Wu Liuqi,Sharefun Studio
785,Cike Wu Liuqi,AHA Entertainment
251,Psycho-Pass,Production I.G
1,Sousou no Frieren,Madhouse
565,Uma Musume: Pretty Derby Season 2,Studio Kai
843,Space?Dandy,Bones
606,Shijou Saikyou no Deshi Kenichi,TMS Entertainment
747,Macross F Movie 2: Sayonara no Tsubasa,Satelight
747,Macross F Movie 2: Sayonara no Tsubasa,8bit
382,Make Heroine ga Oosugiru!,A-1 Pictures
791,Kimi to Boku. 2,J.C.Staff
714,Eve no Jikan (Movie),Studio Rikka
17,Clannad: After Story,Kyoto Animation
917,Yuru Yuri Nachuyachumi!,TYO Animations
55,Shiguang Dailiren,LAN Studio
800,Kuuchuu Buranko,Toei Animation
393,Horimiya,CloverWorks
742,Kanon (2006),Kyoto Animation
895,Kuroshitsuji: Kishuku Gakkou-hen,CloverWorks
910,Seitokai Yakuindomo* OVA,GoHands
181,Mononoke,Toei Animation
0,Love Me: Kaede to Suzu The Animation,Studio 1st
277,Kemono no Souja Erin,Production I.G
277,Kemono no Souja Erin,Trans Arts
121,Yojouhan Shinwa Taikei,Madhouse
145,Mahou Shoujo Madoka?Magica Movie 3: Hangyaku no Monogatari,Shaft
564,Spy x Family Season 2,Wit Studio
564,Spy x Family Season 2,CloverWorks
587,One Piece Film: Strong World,Toei Animation
20,3-gatsu no Lion 2nd Season,Shaft
587,No Game No Life,Madhouse
903,Ookami to Koushinryou II: Ookami to Kohakuiro no Yuuutsu,Brain's Base
903,Ookami to Koushinryou II: Ookami to Kohakuiro no Yuuutsu,Marvy Jack
39,Bocchi the Rock!,CloverWorks
95,Cyberpunk: Edgerunners,Trigger
374,Liz to Aoi Tori,Kyoto Animation
901,MF Ghost 2nd Season,Felix Film
54,Ashita no Joe 2,Tokyo Movie Shinsha
109,Doupo Cangqiong: San Nian Zhi Yue,Motion Magic
309,Hotarubi no Mori e,Brain's Base
448,Natsume Yuujinchou: Ishi Okoshi to Ayashiki Raihousha,Shuka
11,Bleach: Sennen Kessen-hen,Pierrot
292,Gintama: Shinyaku Benizakura-hen,Sunrise
797,Plastic Memories,Doga Kobo
792,Log Horizon,Satelight
290,Initial D Final Stage,SynergySP
432,Cardcaptor Sakura,Madhouse
814,Code Geass: Fukkatsu no Lelouch,Sunrise
23,Gintama. Shirogane no Tamashii-hen - Kouhan-sen,Bandai Namco Pictures
257,Uchuu Senkan Yamato 2199,Xebec
257,Uchuu Senkan Yamato 2199,AIC
711,Bleach,Pierrot
60,Dandadan,Science SARU
472,Eizouken ni wa Te wo Dasu na!,Science SARU
800,Les Misérables: Shoujo Cosette,Nippon Animation
533,Ranma ½ (2024),MAPPA
63,Rurouni Kenshin: Meiji Kenkaku Romantan - Tsuioku-hen,Studio Deen
0,Kaguya-sama wa Kokurasetai: Ultra Romantic Teaser PV - Ishigami Yuu wa Kataritai,A-1 Pictures
339,Haikyuu!! Movie 4: Concept no Tatakai,Production I.G
94,Natsume Yuujinchou Roku,Shuka
13,Kaguya-sama wa Kokurasetai: Ultra Romantic,A-1 Pictures
462,Kaiba,Madhouse
780,Tamako Love Story,Kyoto Animation
275,Given,Lerche
347,Re:Zero kara Hajimeru Isekai Seikatsu,White Fox
161,Pluto,Studio M2
344,Kidou Senshi Gundam: Tekketsu no Orphans 2nd Season,Sunrise
548,Gintama: Dai Hanseikai,Sunrise
455,Toaru Kagaku no Railgun T,J.C.Staff
673,Eve no Jikan,Studio Rikka
551,Kanata no Astra,Lerche
191,Violet Evergarden Gaiden: Eien to Jidou Shuki Ningyou,Kyoto Animation
331,Tonari no Totoro,Studio Ghibli
701,Maoujou de Oyasumi,Doga Kobo
685,Touch,Group TAC
915,Urusei Yatsura (2022) 2nd Season,David Production
831,Kingdom,Pierrot
886,Doraemon (1979),Shin-Ei Animation
0,Kono Koi ni Kizuite The Animation,Seven
511,JoJo no Kimyou na Bouken Part 6: Stone Ocean,David Production
128,Mushishi: Hihamukage,Artland
440,Aria the Natural,HAL Film Maker
300,Shirobako,P.A. Works
370,Berserk: Ougon Jidai-hen III - Kourin,Studio 4°C
515,Mahoutsukai no Yome: Hoshi Matsu Hito,Wit Studio
848,Aria the Avvenire,TYO Animations
937,Owarimonogatari 2nd Season Recaps,Shaft
849,BanG Dream! Film Live 2nd Stage,SANZIGEN
372,Fruits Basket 1st Season,TMS Entertainment
916,Youkoso Jitsuryoku Shijou Shugi no Kyoushitsu e,Lerche
953,Hidamari Sketch x 365,Shaft
830,Kidou Senshi Zeta Gundam,Sunrise
150,Aria the Origination,HAL Film Maker
216,Kono Subarashii Sekai ni Shukufuku wo! 3,Drive
343,Non Non Biyori Movie: Vacation,SILVER LINK.
270,Ginga Eiyuu Densetsu: Die Neue These - Sakubou,Production I.G
547,Boku no Hero Academia 7th Season,Bones
954,Jibaku Shounen Hanako-kun,Lerche
30,Kingdom 3rd Season,Pierrot
30,Kingdom 3rd Season,Studio Signpost
459,Eiga Daisuki Pompo-san,CLAP
873,Undead Girl Murder Farce,Lapin Track
3,One Piece Fan Letter,Toei Animation
612,Akatsuki no Yona,Pierrot
438,Initial D Fourth Stage,A.C.G.T.
935,Noragami Aragoto OVA,Bones
551,Honzuki no Gekokujou: Shisho ni Naru Tame ni wa Shudan wo Erandeiraremasen 3rd Season,Ajia-do
395,Asobi Asobase,Lerche
305,Ginga Eiyuu Densetsu: Die Neue These - Seiran 3,Production I.G
945,Dark Gathering,OLM
67,Mo Dao Zu Shi: Wanjie Pian,B.CMAY PICTURES
212,Barakamon,Kinema Citrus
428,Ao Ashi,Production I.G
498,Meitantei Conan Movie 05: Tengoku e no Countdown,TMS Entertainment
734,Vampire Hunter D (2000),Madhouse
879,ef: A Tale of Memories.,Shaft
488,Given Movie 1,Lerche
48,The First Slam Dunk,Toei Animation
48,The First Slam Dunk,DandeLion Animation Studio
197,Major S5,SynergySP
108,Natsume Yuujinchou San,Brain's Base
252,Re:Zero kara Hajimeru Isekai Seikatsu 2nd Season,White Fox
110,Kizumonogatari II: Nekketsu-hen,Shaft
352,Danshi Koukousei no Nichijou,Sunrise
433,Digimon Adventure: Last Evolution Kizuna,Yumeta Company
883,InuYasha,Sunrise
485,Skip to Loafer,P.A. Works
644,Pui Pui Molcar,Shin-Ei Animation
470,Ginga Eiyuu Densetsu Gaiden,K-Factory
837,Shirokuma Cafe,Pierrot
762,Atarashii Joushi wa Do Tennen,A-1 Pictures
233,Kimetsu no Yaiba: Mugen Ressha-hen,ufotable
107,Kimetsu no Yaiba Movie: Mugen Ressha-hen,ufotable
696,IDOLiSH7 Vibrato,TROYCA
198,Ramayana: The Legend of Prince Rama,Nippon Ramayana Film Co.
408,Yoru wa Mijikashi Arukeyo Otome,Science SARU
