source,target,type
52991,17,undirected
52991,53,undirected
52991,62,undirected
52991,1003,undirected
52991,1143,undirected
52991,1430,undirected
5114,17,undirected
5114,58,undirected
5114,143,undirected
5114,1499,undirected
9253,61,undirected
9253,108,undirected
9253,113,undirected
9253,166,undirected
9253,238,undirected
9253,352,undirected
9253,459,undirected
38524,10,undirected
38524,53,undirected
38524,143,undirected
38524,144,undirected
38524,159,undirected
38524,1499,undirected
38524,1557,undirected
28977,16,undirected
28977,17,undirected
28977,53,undirected
39486,16,undirected
39486,17,undirected
39486,53,undirected
39486,230,undirected
39486,415,undirected
39486,1365,undirected
9969,16,undirected
9969,17,undirected
9969,53,undirected
9969,643,undirected
9969,763,undirected
9969,1365,undirected
11061,29,undirected
11061,1003,undirected
11061,1365,undirected
15417,16,undirected
15417,17,undirected
15417,53,undirected
15417,1365,undirected
15417,1406,undirected
41467,16,undirected
41467,17,undirected
41467,53,undirected
41467,1365,undirected
43608,17,undirected
43608,143,undirected
43608,306,undirected
43608,1365,undirected
43608,1501,undirected
34096,16,undirected
34096,17,undirected
34096,53,undirected
34096,1365,undirected
56784,1,undirected
56784,16,undirected
56784,17,undirected
56784,53,undirected
56784,1365,undirected
56784,1392,undirected
42938,16,undirected
42938,100,undirected
42938,139,undirected
42938,148,undirected
42938,1284,undirected
42938,2174,undirected
42938,2495,undirected
4181,144,undirected
4181,145,undirected
4181,211,undirected
4181,929,undirected
918,16,undirected
918,17,undirected
918,53,undirected
918,643,undirected
918,763,undirected
918,1365,undirected
28851,109,undirected
28851,144,undirected
28851,159,undirected
28851,1500,undirected
28851,1574,undirected
35180,17,undirected
35180,53,undirected
35180,111,undirected
35180,148,undirected
35180,517,undirected
35180,1390,undirected
2904,23,undirected
2904,143,undirected
2904,230,undirected
2904,1233,undirected
2904,1488,undirected
15335,16,undirected
15335,17,undirected
15335,53,undirected
15335,230,undirected
15335,415,undirected
15335,1365,undirected
54492,53,undirected
54492,58,undirected
54492,1003,undirected
54492,1143,undirected
54492,1430,undirected
54492,2844,undirected
37491,16,undirected
37491,17,undirected
37491,53,undirected
37491,1365,undirected
19,29,undirected
19,62,undirected
19,1003,undirected
37987,109,undirected
37987,1500,undirected
40682,1365,undirected
32281,245,undirected
32281,1294,undirected
32281,1309,undirected
32281,1313,undirected
32281,1501,undirected
32281,1696,undirected
32281,1929,undirected
49387,53,undirected
49387,159,undirected
49387,1747,undirected
36838,16,undirected
36838,17,undirected
36838,53,undirected
36838,1365,undirected
37510,415,undirected
37510,460,undirected
37510,843,undirected
37510,1333,undirected
37510,1430,undirected
55690,53,undirected
55690,55,undirected
55690,166,undirected
55690,306,undirected
55690,1284,undirected
55690,1373,undirected
55690,2185,undirected
55690,2234,undirected
31758,17,undirected
31758,159,undirected
40028,10,undirected
40028,53,undirected
40028,143,undirected
40028,144,undirected
40028,159,undirected
40028,1499,undirected
40028,1557,undirected
51009,143,undirected
51009,1143,undirected
51009,1365,undirected
51009,1856,undirected
51009,2260,undirected
32935,53,undirected
32935,143,undirected
32935,166,undirected
32935,757,undirected
32935,1143,undirected
32935,1365,undirected
263,29,undirected
199,53,undirected
199,245,undirected
199,382,undirected
199,577,undirected
199,1003,undirected
199,1564,undirected
17074,17,undirected
17074,159,undirected
17074,1099,undirected
47917,17,undirected
47917,797,undirected
37521,10,undirected
37521,53,undirected
37521,159,undirected
37521,1747,undirected
48583,10,undirected
48583,53,undirected
48583,143,undirected
48583,144,undirected
48583,159,undirected
48583,1557,undirected
54857,238,undirected
54857,306,undirected
54857,647,undirected
54857,1333,undirected
54857,1696,undirected
54857,2927,undirected
52198,17,undirected
52198,143,undirected
52198,1365,undirected
52198,1501,undirected
1,23,undirected
1,123,undirected
1,1506,undirected
45649,1365,undirected
53223,1284,undirected
53223,1365,undirected
53223,1517,undirected
53223,1797,undirected
2921,583,undirected
50160,1284,undirected
50160,1365,undirected
50160,1797,undirected
21,169,undirected
21,416,undirected
21,1365,undirected
47778,17,undirected
47778,719,undirected
47778,1365,undirected
39894,104,undirected
39894,144,undirected
39894,211,undirected
39894,1500,undirected
39894,2147,undirected
39894,2425,undirected
24701,17,undirected
24701,159,undirected
24701,711,undirected
58125,577,undirected
58125,1284,undirected
58125,1365,undirected
58125,3021,undirected
50172,62,undirected
50172,415,undirected
50172,460,undirected
50172,843,undirected
50172,1333,undirected
50172,1430,undirected
48569,17,undirected
48569,1696,undirected
48569,1992,undirected
53998,16,undirected
53998,17,undirected
53998,53,undirected
53998,1365,undirected
53998,1392,undirected
33095,143,undirected
33095,159,undirected
33095,315,undirected
33095,1344,undirected
1575,23,undirected
1575,143,undirected
1575,230,undirected
1575,757,undirected
1575,1233,undirected
1575,1488,undirected
57334,17,undirected
57334,53,undirected
57334,62,undirected
57334,143,undirected
57334,1365,undirected
55823,16,undirected
55823,17,undirected
55823,139,undirected
55823,148,undirected
55823,1041,undirected
21939,17,undirected
21939,159,undirected
21939,711,undirected
33352,104,undirected
33352,144,undirected
33352,211,undirected
33352,1500,undirected
245,17,undirected
245,169,undirected
5258,29,undirected
5258,159,undirected
5258,1003,undirected
431,164,undirected
431,382,undirected
431,3024,undirected
164,382,undirected
164,1003,undirected
164,2981,undirected
33050,17,undirected
33050,703,undirected
33050,1696,undirected
45576,61,undirected
45576,245,undirected
45576,1143,undirected
45576,1211,undirected
45576,1333,undirected
45576,1416,undirected
45576,1444,undirected
45576,1696,undirected
45576,2289,undirected
46102,16,undirected
46102,53,undirected
46102,144,undirected
46102,238,undirected
46102,1468,undirected
46102,1557,undirected
46102,2177,undirected
46102,2442,undirected
457,52,undirected
457,82,undirected
457,147,undirected
457,711,undirected
34599,238,undirected
34599,332,undirected
34599,737,undirected
34599,1551,undirected
34599,1587,undirected
34599,1677,undirected
34599,1696,undirected
34599,2095,undirected
34599,2369,undirected
11665,16,undirected
11665,17,undirected
11665,139,undirected
11665,148,undirected
11665,757,undirected
23273,17,undirected
23273,53,undirected
23273,159,undirected
23273,169,undirected
23273,1309,undirected
23273,1411,undirected
23273,1412,undirected
54898,33,undirected
54898,104,undirected
54898,166,undirected
54898,1255,undirected
54898,1468,undirected
54898,1543,undirected
54898,1696,undirected
54898,2106,undirected
54898,2425,undirected
52742,53,undirected
52742,143,undirected
52742,166,undirected
52742,757,undirected
52742,1143,undirected
52742,1365,undirected
2001,16,undirected
2001,17,undirected
2001,53,undirected
2001,85,undirected
2001,213,undirected
2001,230,undirected
35760,10,undirected
35760,53,undirected
35760,143,undirected
35760,144,undirected
35760,159,undirected
35760,1499,undirected
35760,1557,undirected
40591,17,undirected
40591,143,undirected
40591,1365,undirected
40591,1501,undirected
22135,17,undirected
22135,53,undirected
22135,169,undirected
22135,1411,undirected
1535,29,undirected
1535,1003,undirected
1535,1365,undirected
1535,1791,undirected
28891,53,undirected
28891,143,undirected
28891,166,undirected
28891,757,undirected
28891,1143,undirected
28891,1365,undirected
41084,238,undirected
41084,332,undirected
41084,1551,undirected
41084,1587,undirected
41084,1696,undirected
41084,2095,undirected
41084,2106,undirected
41084,2369,undirected
55791,711,undirected
55791,1365,undirected
55791,1422,undirected
55791,1696,undirected
52701,539,undirected
52701,1261,undirected
52701,1617,undirected
52701,1696,undirected
34591,16,undirected
34591,17,undirected
34591,139,undirected
34591,148,undirected
19647,29,undirected
19647,159,undirected
19647,1003,undirected
36862,238,undirected
36862,332,undirected
36862,1551,undirected
36862,1587,undirected
36862,1677,undirected
36862,1696,undirected
36862,2095,undirected
36862,2106,undirected
36862,2369,undirected
52034,711,undirected
52034,1365,undirected
52034,1422,undirected
52034,1696,undirected
7311,113,undirected
7311,929,undirected
4565,17,undirected
38329,17,undirected
38329,1211,undirected
38329,1333,undirected
38329,1366,undirected
38329,1416,undirected
38329,1500,undirected
38329,1696,undirected
33,29,undirected
33,148,undirected
33,1003,undirected
37991,415,undirected
28957,17,undirected
28957,159,undirected
28957,711,undirected
10379,17,undirected
10379,765,undirected
40748,143,undirected
40748,1143,undirected
40748,1365,undirected
40748,1856,undirected
40748,2260,undirected
40456,17,undirected
40456,1365,undirected
32983,16,undirected
32983,17,undirected
32983,139,undirected
32983,148,undirected
31757,17,undirected
31757,159,undirected
12355,11,undirected
12355,29,undirected
12355,53,undirected
12355,76,undirected
12355,113,undirected
12355,245,undirected
12355,1702,undirected
877,29,undirected
877,1003,undirected
877,1365,undirected
28735,92,undirected
28735,143,undirected
28735,159,undirected
28735,315,undirected
36098,17,undirected
36098,1500,undirected
16498,10,undirected
16498,53,undirected
16498,143,undirected
16498,144,undirected
16498,159,undirected
16498,1557,undirected
7785,53,undirected
7785,113,undirected
7785,169,undirected
7785,245,undirected
7785,517,undirected
7785,577,undirected
7785,757,undirected
7785,769,undirected
437,1850,undirected
437,2550,undirected
170,55,undirected
40776,53,undirected
40776,143,undirected
40776,166,undirected
40776,757,undirected
40776,1143,undirected
40776,1365,undirected
32,16,undirected
32,18,undirected
32,113,undirected
32,166,undirected
32,167,undirected
32,717,undirected
32,1344,undirected
32,1461,undirected
30484,61,undirected
30484,166,undirected
30484,1696,undirected
11741,17,undirected
11741,459,undirected
11741,701,undirected
11741,703,undirected
40417,16,undirected
40417,100,undirected
40417,139,undirected
40417,148,undirected
40417,1284,undirected
40417,2174,undirected
40417,2495,undirected
5300,17,undirected
5300,139,undirected
25777,10,undirected
25777,53,undirected
25777,143,undirected
25777,144,undirected
25777,159,undirected
25777,1499,undirected
25777,1557,undirected
35843,16,undirected
35843,17,undirected
35843,53,undirected
35843,1365,undirected
7472,16,undirected
7472,17,undirected
7472,53,undirected
7472,230,undirected
7472,415,undirected
7472,1365,undirected
40664,775,undirected
12365,111,undirected
12365,1365,undirected
38474,213,undirected
38474,963,undirected
38474,1576,undirected
35839,166,undirected
35839,238,undirected
35839,737,undirected
35839,1334,undirected
35839,1551,undirected
35839,1696,undirected
35839,1779,undirected
35839,1784,undirected
4282,703,undirected
801,23,undirected
801,53,undirected
801,123,undirected
801,159,undirected
801,382,undirected
801,1003,undirected
801,3024,undirected
205,123,undirected
205,169,undirected
205,271,undirected
205,382,undirected
205,464,undirected
31933,415,undirected
40834,17,undirected
40834,53,undirected
40834,169,undirected
40834,1696,undirected
40834,1992,undirected
11981,17,undirected
11981,143,undirected
11981,166,undirected
11981,459,undirected
11981,797,undirected
32182,415,undirected
32182,460,undirected
32182,843,undirected
32182,1333,undirected
32182,1430,undirected
30276,16,undirected
30276,23,undirected
30276,104,undirected
30276,142,undirected
30276,1121,undirected
30276,1261,undirected
30276,1365,undirected
30276,1501,undirected
37779,17,undirected
37779,53,undirected
37779,169,undirected
37779,1365,undirected
37779,1901,undirected
12431,76,undirected
12431,643,undirected
30654,53,undirected
30654,101,undirected
30654,169,undirected
30654,315,undirected
30654,1284,undirected
30654,1365,undirected
30654,1412,undirected
3297,16,undirected
3297,108,undirected
3297,109,undirected
3297,1452,undirected
50265,16,undirected
50265,62,undirected
50265,1143,undirected
50265,1365,undirected
33049,17,undirected
33049,703,undirected
33049,1696,undirected
44511,1856,undirected
47194,62,undirected
47194,166,undirected
47194,963,undirected
47194,1211,undirected
47194,1365,undirected
47194,1390,undirected
47194,1992,undirected
10165,104,undirected
10165,113,undirected
10165,166,undirected
10165,211,undirected
10165,352,undirected
10165,460,undirected
10165,929,undirected
36649,17,undirected
36649,53,undirected
36649,166,undirected
36649,169,undirected
36649,1430,undirected
6114,29,undirected
6114,1003,undirected
392,127,undirected
392,169,undirected
37379,159,undirected
37379,1003,undirected
37379,1283,undirected
37379,1418,undirected
37379,2121,undirected
31181,17,undirected
11577,61,undirected
11577,108,undirected
11577,166,undirected
11577,238,undirected
11577,352,undirected
11577,963,undirected
11577,2896,undirected
38000,17,undirected
38000,719,undirected
38000,1365,undirected
57647,1587,undirected
55888,61,undirected
55888,1143,undirected
55888,1333,undirected
55888,1416,undirected
55888,1444,undirected
55888,1696,undirected
55888,2289,undirected
36999,17,undirected
36999,159,undirected
26055,127,undirected
26055,415,undirected
26055,460,undirected
26055,1337,undirected
26055,1365,undirected
37105,143,undirected
37105,159,undirected
37105,1113,undirected
37105,1284,undirected
37105,1287,undirected
37105,1501,undirected
37105,1602,undirected
49722,1143,undirected
20583,53,undirected
20583,143,undirected
20583,166,undirected
20583,1143,undirected
20583,1365,undirected
20583,1732,undirected
42203,238,undirected
42203,647,undirected
42203,1333,undirected
42203,1551,undirected
42203,1696,undirected
50330,33,undirected
50330,104,undirected
50330,166,undirected
50330,1255,undirected
50330,1468,undirected
50330,1696,undirected
50330,2106,undirected
50330,2425,undirected
40059,306,undirected
40059,1113,undirected
40059,1747,undirected
36538,17,undirected
38889,33,undirected
38889,166,undirected
38889,460,undirected
38889,647,undirected
38889,1344,undirected
38889,1365,undirected
38889,1557,undirected
48561,143,undirected
48561,1143,undirected
48561,1365,undirected
48561,2260,undirected
2246,53,undirected
2246,147,undirected
2246,169,undirected
2246,517,undirected
2246,757,undirected
467,23,undirected
467,53,undirected
467,123,undirected
467,140,undirected
467,159,undirected
467,178,undirected
467,382,undirected
467,1003,undirected
36885,17,undirected
38040,213,undirected
38040,323,undirected
38040,882,undirected
38040,963,undirected
38040,1185,undirected
38040,1345,undirected
38040,1551,undirected
38040,1696,undirected
38040,2106,undirected
136,169,undirected
33255,16,undirected
33255,62,undirected
33255,144,undirected
33255,323,undirected
33255,460,undirected
33255,517,undirected
33255,1233,undirected
33255,1365,undirected
33255,1390,undirected
33255,1803,undirected
34612,16,undirected
34612,62,undirected
34612,323,undirected
34612,460,undirected
34612,517,undirected
34612,1233,undirected
34612,1365,undirected
34612,1390,undirected
34612,1803,undirected
39741,109,undirected
39741,1500,undirected
37999,17,undirected
37999,143,undirected
37999,306,undirected
37999,1365,undirected
37999,1501,undirected
55102,2930,undirected
35851,23,undirected
35851,104,undirected
35851,211,undirected
35851,777,undirected
35851,1333,undirected
35851,1587,undirected
35557,143,undirected
35557,159,undirected
35557,166,undirected
35557,238,undirected
35557,1143,undirected
35557,1211,undirected
35557,1287,undirected
35557,1411,undirected
35557,1416,undirected
5028,62,undirected
5028,111,undirected
5028,1797,undirected
46095,17,undirected
50183,1143,undirected
50183,1430,undirected
49721,62,undirected
49721,306,undirected
49721,517,undirected
49721,1143,undirected
49721,1430,undirected
49721,2229,undirected
38475,64,undirected
38475,213,undirected
38475,238,undirected
38475,460,undirected
38475,797,undirected
38475,963,undirected
38475,1185,undirected
38475,1416,undirected
38475,1576,undirected
38475,1590,undirected
38475,2106,undirected
37515,238,undirected
37515,332,undirected
37515,737,undirected
37515,1551,undirected
37515,1587,undirected
37515,1677,undirected
37515,1696,undirected
37515,2095,undirected
37515,2369,undirected
4921,2523,undirected
37965,166,undirected
37965,1003,undirected
37965,1143,undirected
37965,1390,undirected
37965,1587,undirected
37965,1792,undirected
37965,2279,undirected
40787,109,undirected
40787,1696,undirected
40787,1858,undirected
40787,2443,undirected
49310,16,undirected
49310,100,undirected
49310,102,undirected
49310,139,undirected
49310,148,undirected
49310,1284,undirected
49310,2495,undirected
14397,29,undirected
14397,1003,undirected
5,14,undirected
5,23,undirected
5205,703,undirected
5941,16,undirected
5941,62,undirected
5941,213,undirected
31646,17,undirected
31646,53,undirected
31646,111,undirected
31646,148,undirected
31646,517,undirected
31646,1390,undirected
11979,17,undirected
11979,143,undirected
11979,166,undirected
11979,459,undirected
11979,797,undirected
9756,17,undirected
9756,143,undirected
9756,166,undirected
9756,459,undirected
9756,797,undirected
49458,213,undirected
49458,323,undirected
49458,1185,undirected
49458,1345,undirected
49458,1696,undirected
38883,53,undirected
38883,143,undirected
38883,166,undirected
38883,757,undirected
38883,1143,undirected
38883,1365,undirected
22789,29,undirected
22789,1003,undirected
9260,17,undirected
9260,159,undirected
39808,16,undirected
39808,104,undirected
39808,238,undirected
39808,1696,undirected
39808,1840,undirected
39808,2074,undirected
39808,2106,undirected
39535,61,undirected
39535,245,undirected
39535,306,undirected
39535,1143,undirected
39535,1333,undirected
39535,1416,undirected
39535,1444,undirected
39535,1696,undirected
39535,1815,undirected
39535,2229,undirected
39551,159,undirected
53540,62,undirected
53540,76,undirected
53540,245,undirected
53540,1003,undirected
53540,1430,undirected
9617,144,undirected
9617,929,undirected
39167,23,undirected
39167,104,undirected
39167,166,undirected
39167,1287,undirected
39167,1333,undirected
39547,82,undirected
39547,145,undirected
39547,166,undirected
39547,711,undirected
39547,1113,undirected
572,2981,undirected
2251,17,undirected
2251,166,undirected
185,67,undirected
185,169,undirected
49926,17,undirected
49926,1365,undirected
30,16,undirected
30,113,undirected
30,139,undirected
30,1461,undirected
41025,111,undirected
41025,159,undirected
41025,1797,undirected
338,1003,undirected
10030,111,undirected
10030,1365,undirected
39587,238,undirected
39587,647,undirected
39587,1333,undirected
39587,1551,undirected
39587,1696,undirected
31988,104,undirected
31988,144,undirected
31988,211,undirected
22535,29,undirected
22535,1003,undirected
22535,1423,undirected
13601,53,undirected
13601,169,undirected
13601,459,undirected
13601,757,undirected
13601,1143,undirected
13601,1411,undirected
10162,53,undirected
10162,169,undirected
10162,245,undirected
10162,577,undirected
10162,757,undirected
10162,765,undirected
10162,769,undirected
10162,1765,undirected
10162,3024,undirected
57181,145,undirected
57181,306,undirected
57181,1143,undirected
57181,1365,undirected
57181,2174,undirected
57181,2867,undirected
55644,1143,undirected
55644,1365,undirected
54595,238,undirected
54595,306,undirected
54595,1680,undirected
54595,1696,undirected
54595,1779,undirected
54595,2435,undirected
28701,17,undirected
28701,703,undirected
5040,29,undirected
5040,1003,undirected
5040,1791,undirected
2402,169,undirected
5081,17,undirected
5081,159,undirected
41457,17,undirected
41457,1696,undirected
41457,1992,undirected
54870,17,undirected
54870,1696,undirected
51805,109,undirected
51805,2434,undirected
51805,2435,undirected
51440,61,undirected
51440,166,undirected
51440,323,undirected
51440,1583,undirected
51440,1680,undirected
51440,1696,undirected
51440,2672,undirected
51440,2896,undirected
7655,62,undirected
7655,111,undirected
7655,1797,undirected
41487,159,undirected
41487,1416,undirected
41487,1840,undirected
41487,1896,undirected
41487,1992,undirected
41487,2106,undirected
41487,2232,undirected
1210,123,undirected
1210,2981,undirected
42886,109,undirected
42886,2434,undirected
42886,2435,undirected
52588,16,undirected
52588,47,undirected
52588,323,undirected
52588,1143,undirected
52588,1365,undirected
52588,1858,undirected
52588,2229,undirected
17389,111,undirected
17389,1797,undirected
5420,111,undirected
5341,75,undirected
5341,144,undirected
5341,166,undirected
5341,352,undirected
5341,464,undirected
5341,681,undirected
4081,16,undirected
4081,17,undirected
4081,139,undirected
4081,148,undirected
30230,16,undirected
30230,64,undirected
30230,144,undirected
30230,159,undirected
30230,238,undirected
6594,17,undirected
6594,104,undirected
6594,159,undirected
6594,166,undirected
6594,169,undirected
31043,17,undirected
31043,53,undirected
31043,113,undirected
31043,169,undirected
31043,315,undirected
31043,1411,undirected
31043,1412,undirected
31043,1496,undirected
31043,1677,undirected
31043,2225,undirected
39533,17,undirected
39533,53,undirected
39533,166,undirected
39533,169,undirected
39533,1672,undirected
52215,62,undirected
52215,1430,undirected
52215,1797,undirected
52215,3020,undirected
24415,23,undirected
24415,104,undirected
24415,139,undirected
24415,1121,undirected
24415,1365,undirected
24415,1416,undirected
22507,52,undirected
12531,53,undirected
12531,169,undirected
12531,245,undirected
12531,315,undirected
12531,757,undirected
1365,76,undirected
1365,245,undirected
1365,1003,undirected
1365,1430,undirected
1365,1506,undirected
57,82,undirected
57,92,undirected
57,142,undirected
57,159,undirected
9989,17,undirected
9989,53,undirected
9989,169,undirected
9989,769,undirected
36371,109,undirected
6675,577,undirected
30346,17,undirected
30346,213,undirected
759,53,undirected
759,79,undirected
759,577,undirected
486,33,undirected
486,79,undirected
486,144,undirected
486,412,undirected
486,665,undirected
486,681,undirected
45,17,undirected
45,149,undirected
45,169,undirected
43325,143,undirected
43325,1365,undirected
43325,1492,undirected
43325,1840,undirected
43325,1992,undirected
52299,17,undirected
52299,1468,undirected
52299,2837,undirected
52299,2839,undirected
52299,2872,undirected
38731,16,undirected
38731,64,undirected
38731,144,undirected
38731,159,undirected
38731,238,undirected
38731,315,undirected
19363,17,undirected
19363,53,undirected
19363,169,undirected
19363,1411,undirected
34798,64,undirected
34798,238,undirected
34798,737,undirected
34798,963,undirected
34798,1185,undirected
34798,1416,undirected
34798,1590,undirected
34798,1784,undirected
25835,64,undirected
25835,166,undirected
25835,415,undirected
25835,460,undirected
25835,777,undirected
25835,1386,undirected
25835,2135,undirected
48316,238,undirected
48316,1680,undirected
48316,1696,undirected
48316,1779,undirected
48316,2435,undirected
10534,55,undirected
10534,142,undirected
38691,1143,undirected
38691,1365,undirected
38691,2495,undirected
50594,17,undirected
50594,245,undirected
50594,1501,undirected
50594,1696,undirected
50594,1929,undirected
50594,1956,undirected
50594,2031,undirected
10087,17,undirected
10087,459,undirected
10087,701,undirected
10087,703,undirected
43,23,undirected
43,159,undirected
1735,16,undirected
1735,17,undirected
1735,50,undirected
1735,211,undirected
1735,717,undirected
1735,1365,undirected
10408,16,undirected
10408,17,undirected
10408,139,undirected
10408,148,undirected
10408,315,undirected
38826,245,undirected
38826,1501,undirected
38826,1696,undirected
38826,1929,undirected
38826,1956,undirected
38826,2031,undirected
23327,23,undirected
23327,464,undirected
23327,1233,undirected
1698,53,undirected
1698,79,undirected
1698,147,undirected
1698,159,undirected
1698,169,undirected
1698,306,undirected
1698,517,undirected
1698,757,undirected
1698,769,undirected
3002,29,undirected
3002,1003,undirected
513,382,undirected
513,2518,undirected
513,2981,undirected
2150,16,undirected
2150,92,undirected
2150,246,undirected
37520,1747,undirected
13125,17,undirected
13125,55,undirected
13125,144,undirected
2418,23,undirected
2418,109,undirected
2418,757,undirected
2418,1488,undirected
2418,3024,undirected
44940,55,undirected
32937,113,undirected
32937,323,undirected
32937,460,undirected
32937,737,undirected
32937,882,undirected
32937,1185,undirected
32937,1551,undirected
523,382,undirected
523,2518,undirected
49918,53,undirected
49918,76,undirected
49918,166,undirected
49918,757,undirected
49918,1143,undirected
49918,1365,undirected
31812,17,undirected
31812,33,undirected
31812,58,undirected
31812,143,undirected
31812,166,undirected
31812,1333,undirected
31812,1496,undirected
31812,1653,undirected
329,23,undirected
329,111,undirected
53111,79,undirected
53111,166,undirected
53111,415,undirected
53111,460,undirected
53111,1333,undirected
53111,1444,undirected
53111,1590,undirected
53111,1815,undirected
53111,2117,undirected
52578,53,undirected
52578,55,undirected
52578,166,undirected
52578,306,undirected
52578,1284,undirected
52578,1373,undirected
52578,2185,undirected
52578,2234,undirected
37989,306,undirected
37989,1113,undirected
37989,1211,undirected
37989,1261,undirected
37989,1345,undirected
37989,1365,undirected
37989,1501,undirected
37989,1747,undirected
10271,29,undirected
10271,1003,undirected
36990,104,undirected
1033,23,undirected
1033,33,undirected
1033,79,undirected
1033,113,undirected
1033,460,undirected
39247,104,undirected
39247,1500,undirected
39247,2147,undirected
51179,61,undirected
51179,245,undirected
51179,1143,undirected
51179,1333,undirected
51179,1416,undirected
51179,1444,undirected
51179,1696,undirected
51179,2289,undirected
37055,238,undirected
37055,737,undirected
37055,1696,undirected
37055,1916,undirected
25681,53,undirected
25681,64,undirected
28805,53,undirected
28805,76,undirected
28805,113,undirected
28805,245,undirected
28805,1003,undirected
28805,1912,undirected
33051,64,undirected
33051,142,undirected
33051,143,undirected
11843,16,undirected
11843,58,undirected
11843,643,undirected
11843,787,undirected
37450,17,undirected
37450,1211,undirected
37450,1333,undirected
37450,1366,undirected
37450,1416,undirected
37450,1500,undirected
37450,1696,undirected
512,2518,undirected
50602,16,undirected
50602,62,undirected
50602,1143,undirected
50602,1365,undirected
45577,104,undirected
31240,16,undirected
31240,108,undirected
31240,113,undirected
31240,238,undirected
31240,306,undirected
31240,647,undirected
31240,1333,undirected
55866,143,undirected
55866,159,undirected
55866,1113,undirected
55866,1211,undirected
55866,1468,undirected
55866,1988,undirected
55866,2045,undirected
55866,2146,undirected
55357,17,undirected
55357,797,undirected
35677,104,undirected
35677,109,undirected
35677,144,undirected
35677,211,undirected
35677,1840,undirected
15227,79,undirected
15227,1528,undirected
5690,53,undirected
5690,79,undirected
5690,147,undirected
5690,159,undirected
5690,169,undirected
5690,517,undirected
5690,757,undirected
11977,17,undirected
11977,143,undirected
11977,166,undirected
11977,459,undirected
11977,797,undirected
49596,55,undirected
49596,104,undirected
49596,159,undirected
49596,1390,undirected
49596,1468,undirected
49596,1992,undirected
49596,2074,undirected
49596,2424,undirected
49596,2425,undirected
585,382,undirected
440,16,undirected
440,127,undirected
440,153,undirected
440,1461,undirected
6,123,undirected
35838,238,undirected
35838,1550,undirected
35838,1551,undirected
35838,1696,undirected
54959,539,undirected
54959,775,undirected
54959,1211,undirected
54959,1261,undirected
54959,1634,undirected
54959,2015,undirected
54959,2763,undirected
53393,143,undirected
53393,159,undirected
53393,1113,undirected
53393,1284,undirected
53393,2146,undirected
12115,29,undirected
12115,148,undirected
12115,166,undirected
12115,795,undirected
12115,1123,undirected
12115,1261,undirected
12115,1584,undirected
12115,1697,undirected
2966,123,undirected
2966,144,undirected
2966,166,undirected
2966,352,undirected
627,62,undirected
627,111,undirected
627,1797,undirected
38680,16,undirected
38680,100,undirected
38680,139,undirected
38680,148,undirected
38680,1284,undirected
38680,2174,undirected
38680,2495,undirected
1842,62,undirected
1842,111,undirected
1842,1797,undirected
9863,16,undirected
9863,52,undirected
9863,53,undirected
18115,17,undirected
18115,53,undirected
18115,62,undirected
18115,143,undirected
18115,166,undirected
18115,1602,undirected
372,23,undirected
372,109,undirected
372,159,undirected
372,168,undirected
372,827,undirected
44055,61,undirected
44055,166,undirected
44055,323,undirected
44055,1294,undirected
44055,1355,undirected
44055,1551,undirected
44055,1583,undirected
44055,1680,undirected
44055,1696,undirected
38003,33,undirected
38003,104,undirected
38003,166,undirected
38003,687,undirected
38003,757,undirected
38003,1255,undirected
38003,1551,undirected
38003,1696,undirected
38003,1840,undirected
5460,62,undirected
23847,145,undirected
23847,166,undirected
23847,711,undirected
23847,751,undirected
23847,1113,undirected
6811,76,undirected
6811,1430,undirected
16894,23,undirected
16894,104,undirected
16894,139,undirected
16894,1121,undirected
16894,1365,undirected
16894,1416,undirected
3091,145,undirected
3091,157,undirected
3091,158,undirected
3091,159,undirected
3091,166,undirected
3091,3024,undirected
32843,647,undirected
32843,775,undirected
32843,963,undirected
32843,1344,undirected
32843,1679,undirected
40052,10,undirected
40052,169,undirected
40052,843,undirected
40052,1143,undirected
40052,1488,undirected
51019,17,undirected
51019,1365,undirected
42897,17,undirected
42897,58,undirected
42897,143,undirected
42897,166,undirected
42897,1677,undirected
42897,1744,undirected
42897,2095,undirected
42897,2186,undirected
57524,17,undirected
57524,76,undirected
57524,1211,undirected
57524,1261,undirected
57524,1416,undirected
57524,1554,undirected
57524,2640,undirected
57524,2976,undirected
37171,148,undirected
37171,238,undirected
37171,737,undirected
37171,1551,undirected
37171,1696,undirected
1453,99,undirected
1453,169,undirected
1142,53,undirected
1142,79,undirected
1142,169,undirected
1142,517,undirected
1142,757,undirected
1142,1365,undirected
813,169,undirected
813,1365,undirected
36946,169,undirected
36946,230,undirected
36946,1233,undirected
36946,1365,undirected
49114,17,undirected
49114,58,undirected
49114,1333,undirected
49114,1554,undirected
34537,169,undirected
34537,245,undirected
34537,843,undirected
34537,1696,undirected
18617,23,undirected
18617,104,undirected
18617,166,undirected
18617,1287,undirected
18617,1333,undirected
18617,1488,undirected
10800,29,undirected
10800,1003,undirected
22297,17,undirected
22297,703,undirected
22297,719,undirected
40729,159,undirected
40729,577,undirected
40729,1840,undirected
40853,53,undirected
40853,55,undirected
40853,245,undirected
40853,1365,undirected
40853,1366,undirected
40853,1415,undirected
40853,1430,undirected
40853,2016,undirected
40853,2036,undirected
3226,62,undirected
3226,111,undirected
3226,1797,undirected
558,62,undirected
558,111,undirected
558,1797,undirected
186,67,undirected
186,169,undirected
23623,16,undirected
23623,104,undirected
34636,53,undirected
34636,143,undirected
34636,144,undirected
34636,159,undirected
34636,166,undirected
34636,1097,undirected
34636,1390,undirected
34636,1449,undirected
36370,109,undirected
7791,144,undirected
7791,145,undirected
7791,166,undirected
7791,211,undirected
7791,929,undirected
32867,104,undirected
32867,166,undirected
32867,460,undirected
32867,687,undirected
32867,1255,undirected
32867,1309,undirected
32867,1516,undirected
32867,1696,undirected
33674,61,undirected
33674,166,undirected
33674,238,undirected
33674,1696,undirected
37514,238,undirected
37514,332,undirected
37514,737,undirected
37514,1551,undirected
37514,1587,undirected
37514,1677,undirected
37514,1696,undirected
37514,2095,undirected
37514,2369,undirected
39166,23,undirected
39166,104,undirected
39166,166,undirected
39166,1287,undirected
39166,1333,undirected
18195,415,undirected
18195,777,undirected
7674,111,undirected
7674,1365,undirected
38088,18,undirected
1519,62,undirected
1519,2956,undirected
40911,143,undirected
40911,1365,undirected
40911,1492,undirected
40911,1840,undirected
40911,1992,undirected
49052,62,undirected
49052,82,undirected
49052,1797,undirected
49052,1992,undirected
18,67,undirected
235,76,undirected
235,1430,undirected
235,1846,undirected
232,111,undirected
232,159,undirected
232,161,undirected
54856,17,undirected
54856,58,undirected
54856,143,undirected
54856,166,undirected
54856,1677,undirected
54856,2095,undirected
54856,2186,undirected
4107,17,undirected
25537,17,undirected
25537,703,undirected
25537,1696,undirected
962,16,undirected
962,109,undirected
962,1452,undirected
853,29,undirected
853,148,undirected
853,1003,undirected
853,3024,undirected
1889,61,undirected
1889,64,undirected
1889,166,undirected
42894,17,undirected
42894,1041,undirected
40852,1143,undirected
40852,1365,undirected
40852,2229,undirected
40852,2495,undirected
50709,17,undirected
50709,1416,undirected
50709,1500,undirected
47,143,undirected
47,159,undirected
47,204,undirected
47,230,undirected
47,245,undirected
47,1507,undirected
47,1563,undirected
48736,17,undirected
48736,58,undirected
48736,166,undirected
48736,719,undirected
48736,1211,undirected
48736,1416,undirected
53888,16,undirected
53888,62,undirected
53888,1143,undirected
53888,1365,undirected
38481,58,undirected
38481,166,undirected
38481,238,undirected
38481,415,undirected
38481,1113,undirected
38481,1696,undirected
41361,109,undirected
41361,166,undirected
41361,719,undirected
41361,1284,undirected
41361,1696,undirected
41361,2431,undirected
41361,2443,undirected
48549,1143,undirected
48549,1365,undirected
56738,62,undirected
56738,474,undirected
56738,1113,undirected
56738,1416,undirected
56738,1430,undirected
56738,1492,undirected
56738,1992,undirected
28675,109,undirected
39592,1543,undirected
3701,29,undirected
3701,33,undirected
30503,53,undirected
30503,109,undirected
30503,159,undirected
30503,1041,undirected
30503,1284,undirected
30503,1635,undirected
28223,29,undirected
28223,315,undirected
28223,1003,undirected
34572,16,undirected
34572,1284,undirected
34572,1365,undirected
37430,104,undirected
37430,159,undirected
37430,1416,undirected
37430,1840,undirected
37430,1896,undirected
59145,62,undirected
59145,1003,undirected
59145,1430,undirected
59145,1856,undirected
58572,53,undirected
58572,143,undirected
58572,159,undirected
58572,1345,undirected
58572,1468,undirected
58572,1880,undirected
58572,2837,undirected
55701,17,undirected
55701,1365,undirected
37962,23,undirected
37962,104,undirected
37962,1097,undirected
39792,415,undirected
39792,1011,undirected
39792,1430,undirected
39792,1797,undirected
4477,53,undirected
4477,79,undirected
4477,147,undirected
4477,159,undirected
4477,169,undirected
4477,517,undirected
4477,757,undirected
35857,1003,undirected
35857,2174,undirected
731,815,undirected
721,647,undirected
721,721,undirected
721,751,undirected
721,2981,undirected
11597,17,undirected
11597,159,undirected
11597,211,undirected
28171,53,undirected
28171,61,undirected
28171,143,undirected
28171,306,undirected
28171,415,undirected
28171,460,undirected
28171,777,undirected
28171,1365,undirected
28171,1605,undirected
36296,238,undirected
36296,306,undirected
36296,323,undirected
36296,1551,undirected
36296,1614,undirected
36296,1696,undirected
36296,2034,undirected
16662,1585,undirected
40421,2511,undirected
1827,53,undirected
1827,1797,undirected
1827,2956,undirected
1827,3024,undirected
1604,16,undirected
1604,53,undirected
1604,82,undirected
1604,144,undirected
1604,164,undirected
50380,143,undirected
50380,159,undirected
50380,1284,undirected
50380,1671,undirected
50380,2074,undirected
239,42,undirected
239,55,undirected
239,108,undirected
239,1597,undirected
239,2963,undirected
50416,159,undirected
50416,1412,undirected
50416,1468,undirected
50416,1635,undirected
50416,1671,undirected
50416,2139,undirected
50416,2146,undirected
50528,1113,undirected
50528,1211,undirected
50528,1261,undirected
50528,1345,undirected
50528,1365,undirected
50528,1501,undirected
50528,1747,undirected
53411,17,undirected
53411,166,undirected
53411,459,undirected
53411,1211,undirected
53411,1366,undirected
53411,1416,undirected
53411,2074,undirected
10153,1261,undirected
20899,127,undirected
20899,415,undirected
20899,460,undirected
20899,1337,undirected
20899,1365,undirected
6467,62,undirected
14713,16,undirected
14713,53,undirected
14713,64,undirected
14713,144,undirected
14713,148,undirected
14713,315,undirected
8129,53,undirected
8129,79,undirected
8129,159,undirected
8129,169,undirected
8129,245,undirected
8129,517,undirected
8129,757,undirected
8129,765,undirected
8129,769,undirected
21469,245,undirected
21469,249,undirected
18689,16,undirected
18689,64,undirected
18689,144,undirected
18689,159,undirected
18689,238,undirected
18689,315,undirected
15059,52,undirected
15059,140,undirected
12859,1365,undirected
121,17,undirected
121,53,undirected
121,58,undirected
121,143,undirected
1364,76,undirected
1364,245,undirected
1364,1397,undirected
1364,1430,undirected
1364,1506,undirected
29831,109,undirected
29831,464,undirected
30831,213,undirected
30831,323,undirected
30831,460,undirected
30831,737,undirected
30831,882,undirected
30831,1185,undirected
30831,1551,undirected
30831,1696,undirected
2581,64,undirected
2581,142,undirected
2581,143,undirected
2581,757,undirected
51122,16,undirected
51122,166,undirected
51122,1143,undirected
51122,1261,undirected
51122,1696,undirected
51122,1991,undirected
51122,2370,undirected
2236,113,undirected
2236,230,undirected
2236,647,undirected
2236,787,undirected
35608,104,undirected
35608,144,undirected
35608,145,undirected
52826,104,undirected
52826,144,undirected
52826,211,undirected
52826,1500,undirected
52826,2147,undirected
52826,2425,undirected
6746,17,undirected
6746,58,undirected
6746,143,undirected
6746,166,undirected
6746,681,undirected
16918,17,undirected
16918,53,undirected
16918,169,undirected
16918,1411,undirected
40815,33,undirected
40815,79,undirected
40815,135,undirected
40815,460,undirected
40815,464,undirected
40815,843,undirected
40815,1492,undirected
40815,1500,undirected
40815,1933,undirected
40815,1987,undirected
40815,1988,undirected
40815,1989,undirected
46569,1747,undirected
339,79,undirected
339,204,undirected
51096,101,undirected
51096,166,undirected
51096,238,undirected
51096,1345,undirected
51096,1468,undirected
51096,1551,undirected
51096,1696,undirected
51096,2425,undirected
3016,99,undirected
3016,382,undirected
3016,1493,undirected
23283,17,undirected
23283,53,undirected
23283,169,undirected
23283,577,undirected
23283,1411,undirected
49709,111,undirected
49709,159,undirected
49709,1797,undirected
50587,144,undirected
50587,453,undirected
24833,53,undirected
24833,101,undirected
24833,169,undirected
24833,315,undirected
24833,843,undirected
24833,1284,undirected
24833,1365,undirected
59841,17,undirected
56980,111,undirected
56980,1797,undirected
55911,29,undirected
55911,159,undirected
55911,1003,undirected
55911,1506,undirected
54789,53,undirected
54789,76,undirected
54789,166,undirected
54789,757,undirected
54789,1143,undirected
54789,1365,undirected
52347,53,undirected
52347,143,undirected
52347,159,undirected
52347,464,undirected
52347,1345,undirected
52347,1468,undirected
52347,1617,undirected
52347,2837,undirected
31658,23,undirected
40080,1414,undirected
40080,1728,undirected
40080,1831,undirected
33486,53,undirected
33486,76,undirected
33486,166,undirected
33486,757,undirected
33486,1143,undirected
33486,1365,undirected
4722,64,undirected
4722,144,undirected
4722,148,undirected
4722,717,undirected
4722,2981,undirected
3927,143,undirected
38081,23,undirected
38081,104,undirected
38081,166,undirected
38081,1287,undirected
38081,1333,undirected
42429,33,undirected
42429,460,undirected
42429,464,undirected
42429,843,undirected
42429,1492,undirected
42429,1988,undirected
42429,1989,undirected
42429,2222,undirected
42429,2431,undirected
39198,238,undirected
39198,1334,undirected
39198,1365,undirected
39198,1551,undirected
39198,1696,undirected
50796,16,undirected
50796,144,undirected
50796,539,undirected
50796,1430,undirected
50796,1996,undirected
50796,2684,undirected
48895,238,undirected
48895,1333,undirected
48895,1614,undirected
48895,1696,undirected
34076,104,undirected
34076,1261,undirected
34076,1334,undirected
34076,1492,undirected
34076,1542,undirected
34076,1587,undirected
135,16,undirected
135,53,undirected
135,399,undirected
32282,53,undirected
32282,104,undirected
32282,143,undirected
32282,415,undirected
32282,460,undirected
32282,777,undirected
32282,1365,undirected
53887,16,undirected
53887,62,undirected
53887,1143,undirected
53887,1365,undirected
53887,2512,undirected
13759,61,undirected
13759,79,undirected
13759,108,undirected
13759,140,undirected
13759,143,undirected
13759,681,undirected
13759,737,undirected
36369,109,undirected
31251,64,undirected
31251,142,undirected
31251,143,undirected
35062,10,undirected
35062,109,undirected
35062,464,undirected
35062,1452,undirected
12189,104,undirected
12189,113,undirected
12189,460,undirected
12189,665,undirected
12189,929,undirected
42941,1143,undirected
42941,1587,undirected
22145,17,undirected
22145,58,undirected
22145,143,undirected
22145,166,undirected
22145,517,undirected
22145,1488,undirected
22145,1576,undirected
29755,1143,undirected
6547,17,undirected
6547,53,undirected
6547,143,undirected
6547,146,undirected
6547,166,undirected
6547,203,undirected
6547,681,undirected
11771,23,undirected
11771,104,undirected
11771,139,undirected
11771,143,undirected
11771,1121,undirected
11771,1365,undirected
11771,1416,undirected
27833,17,undirected
4224,79,undirected
4224,92,undirected
4224,127,undirected
4224,306,undirected
4224,717,undirected
24277,16,undirected
24277,135,undirected
24277,1143,undirected
24277,1373,undirected
40907,55,undirected
1486,16,undirected
1486,139,undirected
1486,144,undirected
19815,61,undirected
19815,108,undirected
19815,166,undirected
19815,238,undirected
237,17,undirected
237,23,undirected
237,113,undirected
237,143,undirected
237,230,undirected
237,242,undirected
237,757,undirected
237,1097,undirected
237,1488,undirected
237,1588,undirected
237,1615,undirected
237,3024,undirected
38668,62,undirected
38668,143,undirected
38668,166,undirected
38668,1143,undirected
38668,1416,undirected
38668,1430,undirected
38668,1507,undirected
38668,1581,undirected
38668,2111,undirected
2025,17,undirected
2025,58,undirected
2025,143,undirected
2025,166,undirected
2025,2045,undirected
2025,3024,undirected
59571,144,undirected
56063,17,undirected
56063,58,undirected
52107,1747,undirected
31149,17,undirected
31149,344,undirected
21557,53,undirected
21557,245,undirected
21557,417,undirected
21557,1003,undirected
66,79,undirected
66,104,undirected
66,170,undirected
66,717,undirected
66,745,undirected
66,1344,undirected
8425,16,undirected
8425,113,undirected
8425,460,undirected
8425,647,undirected
8425,689,undirected
8425,3024,undirected
1943,15,undirected
1559,16,undirected
1559,65,undirected
1559,1430,undirected
25013,29,undirected
25013,148,undirected
25013,238,undirected
25013,711,undirected
25013,751,undirected
25013,1211,undirected
25013,1225,undirected
25013,1334,undirected
25013,1637,undirected
38993,53,undirected
38993,73,undirected
38993,517,undirected
38993,1143,undirected
38993,1430,undirected
38993,1507,undirected
2164,23,undirected
2164,111,undirected
2164,382,undirected
2034,145,undirected
2034,416,undirected
2034,757,undirected
2034,1365,undirected
2034,1585,undirected
1974,73,undirected
1974,135,undirected
1363,76,undirected
1363,156,undirected
1363,245,undirected
1363,1430,undirected
1363,1506,undirected
1363,3017,undirected
18679,17,undirected
18679,53,undirected
18679,113,undirected
18679,143,undirected
18679,166,undirected
18679,213,undirected
18679,539,undirected
18679,1123,undirected
889,62,undirected
889,2956,undirected
781,76,undirected
781,156,undirected
781,245,undirected
781,1430,undirected
781,1506,undirected
34822,64,undirected
34822,143,undirected
34822,464,undirected
41402,111,undirected
41402,1797,undirected
53410,64,undirected
53410,213,undirected
53410,238,undirected
53410,460,undirected
53410,797,undirected
53410,963,undirected
53410,1185,undirected
53410,1416,undirected
53410,1590,undirected
53410,2106,undirected
53410,2925,undirected
27989,104,undirected
27989,144,undirected
27989,211,undirected
72,103,undirected
72,113,undirected
72,169,undirected
72,170,undirected
72,211,undirected
72,352,undirected
72,460,undirected
72,787,undirected
72,929,undirected
6045,29,undirected
6045,1003,undirected
6045,1365,undirected
9204,73,undirected
9204,135,undirected
9204,158,undirected
9204,787,undirected
9204,1319,undirected
39783,144,undirected
39783,159,undirected
39783,315,undirected
39783,1416,undirected
39783,1585,undirected
39783,1602,undirected
39783,1899,undirected
39783,1996,undirected
589,55,undirected
57066,166,undirected
57066,415,undirected
57066,460,undirected
57066,1333,undirected
57066,1444,undirected
57066,1590,undirected
57066,2117,undirected
57066,2289,undirected
3783,703,undirected
5681,29,undirected
5681,76,undirected
5681,113,undirected
5681,415,undirected
5681,1003,undirected
42923,17,undirected
42923,166,undirected
42923,1500,undirected
14513,17,undirected
14513,53,undirected
14513,62,undirected
14513,143,undirected
14513,166,undirected
14513,1602,undirected
16049,31,undirected
16049,166,undirected
16049,238,undirected
16049,415,undirected
16049,681,undirected
535,7,undirected
535,16,undirected
535,153,undirected
49782,17,undirected
49782,33,undirected
49782,1211,undirected
49782,1365,undirected
49782,2185,undirected
153,111,undirected
153,161,undirected
50631,16,undirected
50631,53,undirected
50631,62,undirected
50631,213,undirected
50631,323,undirected
54791,2511,undirected
37870,539,undirected
37870,775,undirected
37870,1211,undirected
37870,1261,undirected
37870,2015,undirected
37870,2088,undirected
9963,62,undirected
9963,65,undirected
9963,245,undirected
27663,111,undirected
6211,53,undirected
6211,169,undirected
6211,517,undirected
6211,757,undirected
6211,765,undirected
36456,53,undirected
36456,76,undirected
36456,166,undirected
36456,757,undirected
36456,1143,undirected
36456,1365,undirected
1914,111,undirected
1914,161,undirected
5365,249,undirected
1482,16,undirected
1482,17,undirected
1482,53,undirected
1482,213,undirected
1482,757,undirected
1096,23,undirected
1096,29,undirected
1096,109,undirected
1096,577,undirected
48585,109,undirected
20,16,undirected
20,17,undirected
20,1365,undirected
7054,31,undirected
7054,145,undirected
7054,148,undirected
7054,213,undirected
14813,31,undirected
14813,145,undirected
14813,711,undirected
14813,751,undirected
14813,1175,undirected
16706,16,undirected
16706,31,undirected
16706,1430,undirected
16706,2135,undirected
14807,703,undirected
40174,238,undirected
40174,1284,undirected
40174,1422,undirected
40174,1856,undirected
2167,144,undirected
2167,145,undirected
2167,166,undirected
2167,929,undirected
4789,2956,undirected
9656,29,undirected
9656,1003,undirected
9656,1365,undirected
16,53,undirected
16,79,undirected
16,169,undirected
16,517,undirected
16,1365,undirected
57554,17,undirected
57554,53,undirected
57554,169,undirected
57554,1365,undirected
39468,33,undirected
39468,79,undirected
39468,135,undirected
39468,460,undirected
39468,464,undirected
39468,843,undirected
39468,1492,undirected
39468,1500,undirected
39468,1933,undirected
39468,1987,undirected
39468,1988,undirected
39468,1989,undirected
42250,1696,undirected
2004,29,undirected
2004,1003,undirected
1065,142,undirected
1065,169,undirected
1065,245,undirected
846,64,undirected
846,82,undirected
387,113,undirected
387,169,undirected
387,2981,undirected
35788,104,undirected
35788,415,undirected
35788,460,undirected
35788,1365,undirected
23199,17,undirected
23199,58,undirected
23199,143,undirected
23199,166,undirected
23199,681,undirected
40716,53,undirected
40716,82,undirected
40716,159,undirected
40716,238,undirected
40716,719,undirected
40716,1211,undirected
40716,1284,undirected
40716,1635,undirected
31173,148,undirected
31173,415,undirected
31173,460,undirected
31173,777,undirected
31173,843,undirected
31173,1334,undirected
31173,1488,undirected
4672,23,undirected
4672,159,undirected
861,145,undirected
861,157,undirected
861,158,undirected
861,159,undirected
861,166,undirected
861,3024,undirected
223,169,undirected
223,1365,undirected
51180,101,undirected
51180,166,undirected
51180,238,undirected
51180,1345,undirected
51180,1468,undirected
51180,1551,undirected
51180,1696,undirected
51180,2425,undirected
7720,17,undirected
7720,143,undirected
7720,145,undirected
7720,159,undirected
7720,166,undirected
7720,211,undirected
9996,111,undirected
9996,161,undirected
77,92,undirected
77,2981,undirected
34376,144,undirected
27831,17,undirected
40397,104,undirected
40397,1590,undirected
30015,17,undirected
30015,213,undirected
30015,1481,undirected
30015,1488,undirected
30015,1496,undirected
30015,1497,undirected
30015,2174,undirected
42916,17,undirected
42916,1233,undirected
42916,1444,undirected
42916,1683,undirected
42916,1696,undirected
42916,1858,undirected
7465,324,undirected
7465,325,undirected
32615,238,undirected
32615,392,undirected
32615,737,undirected
32615,1696,undirected
48411,109,undirected
48411,211,undirected
48411,464,undirected
967,169,undirected
50346,17,undirected
50346,53,undirected
50346,62,undirected
50346,140,undirected
50346,169,undirected
50346,539,undirected
50346,1430,undirected
50346,1556,undirected
50346,1734,undirected
269,16,undirected
269,17,undirected
269,53,undirected
269,717,undirected
269,1365,undirected
25879,17,undirected
16067,31,undirected
16067,64,undirected
16067,140,undirected
16067,160,undirected
16067,777,undirected
16067,1386,undirected
5029,52,undirected
5029,62,undirected
5029,111,undirected
5029,245,undirected
5029,1603,undirected
33970,23,undirected
33970,104,undirected
33970,166,undirected
33970,1287,undirected
33970,1333,undirected
39570,58,undirected
39570,143,undirected
39570,306,undirected
39570,415,undirected
39570,460,undirected
39570,1261,undirected
2890,53,undirected
2890,164,undirected
2890,245,undirected
46422,144,undirected
46422,148,undirected
46422,1416,undirected
46422,1468,undirected
46422,1554,undirected
46422,2408,undirected
996,55,undirected
996,2292,undirected
416,382,undirected
416,1003,undirected
56785,62,undirected
56785,245,undirected
56785,1003,undirected
56785,1430,undirected
56785,1492,undirected
7222,23,undirected
7222,351,undirected
7222,460,undirected
7222,1097,undirected
12477,324,undirected
12477,517,undirected
12477,1261,undirected
12477,1696,undirected
5678,111,undirected
5678,113,undirected
5678,359,undirected
5678,460,undirected
5678,464,undirected
17549,16,undirected
17549,104,undirected
17549,108,undirected
17549,113,undirected
17549,238,undirected
17549,737,undirected
35790,61,undirected
35790,238,undirected
35790,323,undirected
35790,1255,undirected
35790,1261,undirected
35790,1345,undirected
35790,1468,undirected
35790,1551,undirected
35790,1614,undirected
35790,1696,undirected
1530,144,undirected
1530,145,undirected
1530,166,undirected
1089,8,undirected
1089,143,undirected
1089,199,undirected
1089,351,undirected
1089,1430,undirected
20507,52,undirected
20507,53,undirected
20507,109,undirected
20507,159,undirected
20507,166,undirected
20507,1041,undirected
20507,1309,undirected
20507,1635,undirected
543,166,undirected
543,426,undirected
543,1906,undirected
2154,17,undirected
2154,1211,undirected
2154,1584,undirected
2076,53,undirected
2076,76,undirected
38084,17,undirected
38084,703,undirected
38084,2008,undirected
39565,53,undirected
39565,76,undirected
39565,166,undirected
39565,245,undirected
39565,757,undirected
39565,1003,undirected
39565,1365,undirected
39565,2229,undirected
36949,104,undirected
36949,415,undirected
36949,460,undirected
36949,1365,undirected
55310,17,undirected
55310,166,undirected
55310,1211,undirected
55310,1373,undirected
55310,1416,undirected
55310,1500,undirected
55310,2548,undirected
11239,17,undirected
11239,104,undirected
11239,145,undirected
11239,166,undirected
11239,797,undirected
11239,1254,undirected
31174,16,undirected
31174,53,undirected
31174,211,undirected
31174,1284,undirected
31174,1632,undirected
31174,1822,undirected
10049,76,undirected
10049,127,undirected
10049,144,undirected
10049,245,undirected
10049,1365,undirected
10049,1416,undirected
10049,2135,undirected
38080,33,undirected
38080,166,undirected
38080,460,undirected
38080,647,undirected
38080,1344,undirected
38080,1365,undirected
38080,1557,undirected
10721,92,undirected
10721,143,undirected
33206,104,undirected
33206,144,undirected
33206,1500,undirected
793,109,undirected
793,159,undirected
793,166,undirected
793,3024,undirected
122,16,undirected
122,139,undirected
23777,10,undirected
23777,53,undirected
23777,143,undirected
23777,144,undirected
23777,159,undirected
23777,1557,undirected
35968,17,undirected
35968,53,undirected
35968,169,undirected
35968,213,undirected
35968,1582,undirected
35968,1677,undirected
35968,2223,undirected
5682,79,undirected
5682,108,undirected
2618,11,undirected
34100,104,undirected
34100,238,undirected
34100,460,undirected
34100,737,undirected
34100,1211,undirected
34100,1255,undirected
34100,1551,undirected
34100,1696,undirected
34100,2884,undirected
41169,1696,undirected
41169,1840,undirected
18179,16,undirected
18179,135,undirected
18179,1143,undirected
18179,1373,undirected
658,29,undirected
658,1003,undirected
53199,64,undirected
53199,143,undirected
53199,2424,undirected
24997,23,undirected
24997,104,undirected
24997,681,undirected
24997,775,undirected
24997,894,undirected
24997,1169,undirected
11739,16,undirected
11739,17,undirected
11739,58,undirected
11739,139,undirected
11739,166,undirected
36702,10,undirected
36702,53,undirected
36702,143,undirected
36702,144,undirected
36702,159,undirected
36702,1557,undirected
37675,238,undirected
37675,1333,undirected
37675,1614,undirected
37675,1696,undirected
17265,111,undirected
34944,33,undirected
34944,104,undirected
34944,166,undirected
34944,460,undirected
34944,687,undirected
34944,737,undirected
34944,1255,undirected
34944,1551,undirected
34944,1696,undirected
34944,1840,undirected
27775,17,undirected
27775,166,undirected
27775,238,undirected
27775,681,undirected
27775,775,undirected
27775,963,undirected
27775,1415,undirected
27775,1416,undirected
30279,64,undirected
30279,144,undirected
21647,144,undirected
21647,145,undirected
73,33,undirected
73,113,undirected
73,460,undirected
73,787,undirected
187,67,undirected
50593,144,undirected
50593,719,undirected
1470,76,undirected
28,16,undirected
28,17,undirected
28,164,undirected
28,577,undirected
28,1175,undirected
15,16,undirected
15,139,undirected
15,717,undirected
15,1365,undirected
29803,238,undirected
29803,1254,undirected
29803,1333,undirected
29803,1696,undirected
58059,104,undirected
58059,145,undirected
58059,159,undirected
58059,1468,undirected
58059,1517,undirected
58059,2424,undirected
58059,2425,undirected
57559,140,undirected
57559,159,undirected
57559,1284,undirected
57559,1345,undirected
57559,1468,undirected
57559,1499,undirected
56609,17,undirected
7062,17,undirected
7062,104,undirected
7062,145,undirected
7062,166,undirected
7062,797,undirected
7062,2981,undirected
34437,777,undirected
35222,23,undirected
35222,104,undirected
35222,139,undirected
35222,148,undirected
35222,1121,undirected
35222,1800,undirected
6774,53,undirected
6774,169,undirected
6774,517,undirected
6774,757,undirected
6774,1619,undirected
427,10,undirected
427,16,undirected
427,34,undirected
427,134,undirected
427,135,undirected
2829,169,undirected
35848,1143,undirected
35848,1572,undirected
28297,29,undirected
28297,1003,undirected
28297,1365,undirected
4106,464,undirected
4106,761,undirected
4106,1553,undirected
48171,1284,undirected
48171,2249,undirected
532,55,undirected
532,2292,undirected
32995,53,undirected
32995,55,undirected
32995,166,undirected
32995,1284,undirected
32995,1586,undirected
32995,1587,undirected
48580,17,undirected
48580,58,undirected
48580,1333,undirected
48580,1554,undirected
55742,464,undirected
55742,1414,undirected
55742,1452,undirected
55742,1639,undirected
55742,1747,undirected
52976,17,undirected
52976,29,undirected
52976,148,undirected
52976,166,undirected
52976,795,undirected
52976,1261,undirected
52976,1584,undirected
52976,1697,undirected
52976,2018,undirected
13331,31,undirected
13331,62,undirected
13331,213,undirected
37786,238,undirected
37786,737,undirected
37786,1334,undirected
37786,1551,undirected
37786,1696,undirected
9289,23,undirected
9289,64,undirected
9289,76,undirected
9289,104,undirected
9289,144,undirected
9289,777,undirected
9289,1386,undirected
85,64,undirected
85,1366,undirected
3907,16,undirected
3907,153,undirected
31098,64,undirected
31098,777,undirected
31098,1493,undirected
31098,1632,undirected
3228,92,undirected
3228,2981,undirected
27947,73,undirected
27947,2174,undirected
1088,8,undirected
1088,143,undirected
1088,199,undirected
1088,351,undirected
1088,1990,undirected
790,33,undirected
790,160,undirected
790,1459,undirected
790,2956,undirected
2450,55,undirected
2450,142,undirected
12815,16,undirected
12815,52,undirected
114,717,undirected
24,16,undirected
24,64,undirected
24,82,undirected
24,92,undirected
24,108,undirected
24,315,undirected
14075,17,undirected
14075,53,undirected
14075,58,undirected
14075,143,undirected
14075,795,undirected
12031,111,undirected
12031,161,undirected
55153,1,undirected
55153,166,undirected
55153,238,undirected
55153,1211,undirected
55153,1284,undirected
55153,1416,undirected
55153,1430,undirected
55153,1583,undirected
55153,1635,undirected
55153,2074,undirected
36028,306,undirected
36028,1113,undirected
36028,1211,undirected
36028,1261,undirected
36028,1345,undirected
36028,1365,undirected
36028,1501,undirected
36028,1747,undirected
35075,159,undirected
35075,1344,undirected
20057,23,undirected
20057,464,undirected
20057,1233,undirected
3572,23,undirected
3572,143,undirected
3572,351,undirected
36563,145,undirected
36563,159,undirected
36563,1840,undirected
36563,2174,undirected
38201,109,undirected
957,111,undirected
957,161,undirected
780,1506,undirected
42249,143,undirected
42249,144,undirected
42249,159,undirected
42249,238,undirected
42249,539,undirected
42249,719,undirected
42249,1345,undirected
31339,211,undirected
31339,1113,undirected
31339,1553,undirected
54790,53,undirected
54790,159,undirected
54790,169,undirected
54790,460,undirected
54790,843,undirected
54790,1468,undirected
54790,1734,undirected
54790,2146,undirected
54118,104,undirected
30952,109,undirected
30952,159,undirected
30952,539,undirected
30952,1284,undirected
12113,29,undirected
12113,148,undirected
12113,166,undirected
12113,795,undirected
12113,1123,undirected
12113,1261,undirected
12113,1584,undirected
12113,1697,undirected
16782,229,undirected
16782,1143,undirected
2159,17,undirected
2159,143,undirected
2159,145,undirected
2159,159,undirected
2159,166,undirected
2159,211,undirected
1594,17,undirected
1594,147,undirected
934,61,undirected
934,64,undirected
934,315,undirected
14353,2912,undirected
14719,127,undirected
14719,415,undirected
14719,460,undirected
14719,719,undirected
14719,1337,undirected
14719,1365,undirected
14719,2135,undirected
249,62,undirected
249,76,undirected
38408,53,undirected
38408,76,undirected
38408,166,undirected
38408,757,undirected
38408,1143,undirected
38408,1365,undirected
2924,160,undirected
2924,2956,undirected
55855,17,undirected
55855,58,undirected
55855,306,undirected
55855,1468,undirected
54968,144,undirected
54968,843,undirected
54968,1211,undirected
54968,1414,undirected
54829,17,undirected
54829,53,undirected
54829,62,undirected
54829,169,undirected
54829,1430,undirected
54829,1556,undirected
51680,16,undirected
51680,238,undirected
51680,306,undirected
51680,1284,undirected
25517,17,undirected
25517,76,undirected
25517,315,undirected
38770,62,undirected
38770,76,undirected
38770,1003,undirected
5680,144,undirected
5680,145,undirected
5680,166,undirected
5680,211,undirected
5680,929,undirected
4985,17,undirected
10080,16,undirected
10080,31,undirected
34021,73,undirected
34021,2174,undirected
2158,17,undirected
2158,143,undirected
2158,147,undirected
6377,2981,undirected
41389,62,undirected
41389,415,undirected
41389,460,undirected
41389,1430,undirected
41389,1468,undirected
3014,8,undirected
3014,11,undirected
3014,99,undirected
3014,382,undirected
3014,1493,undirected
779,62,undirected
779,236,undirected
2471,55,undirected
2471,142,undirected
49828,64,undirected
49828,143,undirected
49828,2424,undirected
322,17,undirected
322,53,undirected
322,169,undirected
322,1765,undirected
35798,76,undirected
35798,245,undirected
35798,1003,undirected
35798,1430,undirected
30415,109,undirected
30415,1415,undirected
30415,1605,undirected
35082,104,undirected
35082,109,undirected
35082,144,undirected
37435,169,undirected
37435,464,undirected
37435,843,undirected
37435,1333,undirected
37435,1488,undirected
2605,92,undirected
2605,2981,undirected
795,111,undirected
31964,53,undirected
31964,143,undirected
31964,166,undirected
31964,1143,undirected
31964,1365,undirected
3588,16,undirected
3588,17,undirected
3588,53,undirected
3588,108,undirected
3588,3024,undirected
35507,101,undirected
35507,104,undirected
35507,238,undirected
35507,737,undirected
35507,882,undirected
35507,1468,undirected
35507,1551,undirected
35507,1696,undirected
35507,1707,undirected
42745,144,undirected
42745,797,undirected
42745,1337,undirected
42745,1416,undirected
42745,1581,undirected
42745,1585,undirected
22,10,undirected
22,16,undirected
22,139,undirected
52505,64,undirected
52505,144,undirected
52505,1412,undirected
52505,2146,undirected
52505,2185,undirected
52505,2684,undirected
6586,1,undirected
6586,76,undirected
6586,315,undirected
6586,1365,undirected
20371,113,undirected
20371,2896,undirected
31741,17,undirected
31741,143,undirected
31741,1430,undirected
569,29,undirected
569,351,undirected
569,1344,undirected
569,1378,undirected
569,1511,undirected
9513,1,undirected
9513,53,undirected
9513,76,undirected
9513,1365,undirected
1921,99,undirected
1921,177,undirected
48926,16,undirected
48926,53,undirected
48926,62,undirected
48926,213,undirected
48926,323,undirected
54918,143,undirected
54918,144,undirected
54918,159,undirected
54918,238,undirected
54918,539,undirected
54918,719,undirected
54918,1345,undirected
54724,17,undirected
54724,1211,undirected
54724,1365,undirected
54724,1416,undirected
54724,2074,undirected
53287,104,undirected
53287,2424,undirected
53287,2425,undirected
53287,2533,undirected
52093,245,undirected
34504,460,undirected
34504,1255,undirected
34504,1344,undirected
14175,64,undirected
14175,104,undirected
14175,1386,undirected
3604,17,undirected
3604,104,undirected
3604,145,undirected
3604,166,undirected
3604,797,undirected
3604,2981,undirected
6582,464,undirected
4087,108,undirected
4087,109,undirected
4087,127,undirected
4087,169,undirected
39534,58,undirected
39534,101,undirected
39534,144,undirected
39534,145,undirected
39534,213,undirected
39534,1554,undirected
40615,109,undirected
40615,213,undirected
40615,2511,undirected
15039,17,undirected
49889,143,undirected
49889,1003,undirected
49889,1211,undirected
49889,1337,undirected
49889,1542,undirected
49889,1635,undirected
49889,1680,undirected
49889,2071,undirected
49889,2146,undirected
49889,2236,undirected
49889,2592,undirected
400,64,undirected
400,123,undirected
32998,109,undirected
32998,143,undirected
32998,1626,undirected
50739,144,undirected
50739,166,undirected
50739,306,undirected
50739,1143,undirected
50739,1211,undirected
50739,1261,undirected
50739,1406,undirected
50739,2111,undirected
50739,2117,undirected
50739,2229,undirected
9941,23,undirected
9941,143,undirected
9941,577,undirected
36593,1415,undirected
36593,1500,undirected
36593,1522,undirected
4280,703,undirected
40956,143,undirected
40956,159,undirected
40956,1414,undirected
40956,1671,undirected
40956,2139,undirected
28881,109,undirected
28881,159,undirected
28881,539,undirected
28881,1284,undirected
28881,1345,undirected
23289,16,undirected
23289,61,undirected
23289,108,undirected
23289,238,undirected
23289,737,undirected
40046,18,undirected
40046,1416,undirected
40046,1551,undirected
40046,1614,undirected
40046,1696,undirected
40046,1983,undirected
1485,16,undirected
1485,127,undirected
1485,220,undirected
39575,166,undirected
39575,306,undirected
39575,1468,undirected
39575,1534,undirected
39575,1735,undirected
39575,1901,undirected
39575,2098,undirected
17909,23,undirected
17909,76,undirected
17909,104,undirected
17909,158,undirected
17909,306,undirected
17909,1261,undirected
890,123,undirected
890,1366,undirected
890,2817,undirected
849,104,undirected
849,113,undirected
849,352,undirected
849,460,undirected
48702,143,undirected
48702,1430,undirected
48702,1856,undirected
48702,2139,undirected
48702,2430,undirected
48548,144,undirected
48548,145,undirected
48548,159,undirected
48548,775,undirected
48548,1416,undirected
48548,1585,undirected
48548,1602,undirected
48548,1899,undirected
48548,1996,undirected
49784,111,undirected
49784,1797,undirected
9465,460,undirected
56175,104,undirected
56175,1582,undirected
56175,2088,undirected
56175,2424,undirected
55813,17,undirected
55813,1365,undirected
55813,2101,undirected
55813,2640,undirected
12403,64,undirected
12403,144,undirected
12403,315,undirected
10521,17,undirected
10521,76,undirected
10521,211,undirected
31478,104,undirected
31478,166,undirected
31478,460,undirected
31478,687,undirected
31478,1255,undirected
31478,1309,undirected
31478,1516,undirected
31478,1696,undirected
24921,64,undirected
32093,23,undirected
32093,53,undirected
32093,61,undirected
32093,104,undirected
32093,109,undirected
32093,143,undirected
32093,166,undirected
32093,795,undirected
32093,1254,undirected
11123,104,undirected
11123,113,undirected
11123,238,undirected
11123,460,undirected
48849,109,undirected
48849,1800,undirected
48849,2185,undirected
33489,539,undirected
33489,1143,undirected
33489,1261,undirected
48830,1500,undirected
2623,109,undirected
2623,169,undirected
2623,204,undirected
49785,16,undirected
49785,1284,undirected
12445,58,undirected
12445,108,undirected
388,16,undirected
388,64,undirected
388,82,undirected
388,711,undirected
267,577,undirected
23775,10,undirected
23775,53,undirected
23775,143,undirected
23775,144,undirected
23775,159,undirected
23775,1557,undirected
34745,16,undirected
34745,58,undirected
34745,104,undirected
34745,113,undirected
34745,238,undirected
34745,306,undirected
34745,737,undirected
29830,109,undirected
29830,464,undirected
19613,109,undirected
19613,159,undirected
19613,539,undirected
19613,1284,undirected
19613,1345,undirected
39195,166,undirected
39195,169,undirected
39195,230,undirected
39195,245,undirected
39195,843,undirected
39195,1143,undirected
39195,1287,undirected
39195,1373,undirected
39195,1488,undirected
39195,1992,undirected
39195,2229,undirected
40082,245,undirected
40082,1972,undirected
40082,2016,undirected
23293,73,undirected
23293,2174,undirected
43439,17,undirected
43439,33,undirected
43439,1211,undirected
43439,1365,undirected
43439,2185,undirected
33190,203,undirected
46352,143,undirected
46352,159,undirected
46352,1671,undirected
46352,2074,undirected
46352,2139,undirected
21185,111,undirected
28725,17,undirected
28725,53,undirected
28725,169,undirected
28725,1309,undirected
28725,1430,undirected
451,2,undirected
451,62,undirected
451,76,undirected
451,1003,undirected
966,55,undirected
253,16,undirected
253,23,undirected
253,64,undirected
9724,460,undirected
1172,153,undirected
53126,17,undirected
53126,166,undirected
53126,1211,undirected
53126,1416,undirected
53126,1444,undirected
53126,1696,undirected
53126,1902,undirected
31433,109,undirected
33280,777,undirected
12413,31,undirected
12413,62,undirected
39938,517,undirected
39938,577,undirected
14349,213,undirected
14349,539,undirected
2762,245,undirected
48896,1696,undirected
48896,1916,undirected
48896,2074,undirected
875,1584,undirected
15771,17,undirected
15771,159,undirected
15771,245,undirected
15771,2912,undirected
22319,751,undirected
22319,1283,undirected
22319,1365,undirected
16870,16,undirected
16870,1365,undirected
202,23,undirected
202,142,undirected
202,169,undirected
45055,144,undirected
45055,2074,undirected
42091,10,undirected
42091,53,undirected
42091,143,undirected
42091,144,undirected
42091,159,undirected
42091,1499,undirected
42091,1557,undirected
54839,166,undirected
54839,460,undirected
54839,517,undirected
54839,577,undirected
54839,1344,undirected
54839,1412,undirected
54839,1416,undirected
10029,1003,undirected
95,64,undirected
95,169,undirected
95,1260,undirected
34451,139,undirected
34451,143,undirected
34451,1143,undirected
34451,1365,undirected
34375,144,undirected
5310,23,undirected
5310,351,undirected
5310,460,undirected
5310,1097,undirected
2273,23,undirected
2273,64,undirected
97,42,undirected
97,123,undirected
97,717,undirected
4447,62,undirected
4447,65,undirected
4447,1157,undirected
3545,142,undirected
3545,169,undirected
49220,166,undirected
49220,238,undirected
49220,1345,undirected
49220,1416,undirected
49220,1551,undirected
49220,1696,undirected
570,23,undirected
570,469,undirected
552,127,undirected
552,169,undirected
49738,53,undirected
49738,144,undirected
49738,169,undirected
49738,517,undirected
49738,843,undirected
49738,1414,undirected
397,23,undirected
397,33,undirected
468,23,undirected
468,53,undirected
468,159,undirected
468,164,undirected
468,382,undirected
468,1003,undirected
52741,73,undirected
52741,143,undirected
52741,306,undirected
52741,1365,undirected
20431,92,undirected
20431,143,undirected
20431,159,undirected
9252,460,undirected
1425,29,undirected
1425,140,undirected
464,169,undirected
464,769,undirected
210,62,undirected
210,99,undirected
210,169,undirected
210,1430,undirected
1491,169,undirected
40814,1255,undirected
40814,1344,undirected
29787,61,undirected
29787,238,undirected
29787,306,undirected
29787,775,undirected
29787,777,undirected
29787,797,undirected
29787,1113,undirected
29787,1331,undirected
29787,1333,undirected
29787,1581,undirected
40935,166,undirected
40935,169,undirected
40935,230,undirected
40935,843,undirected
40935,1143,undirected
40935,1287,undirected
40935,1373,undirected
40935,1488,undirected
40935,1992,undirected
40935,2229,undirected
54112,62,undirected
54112,143,undirected
54112,1430,undirected
54112,1856,undirected
53747,245,undirected
53747,1956,undirected
52955,464,undirected
52955,1294,undirected
52955,1414,undirected
52955,1452,undirected
52955,1639,undirected
52955,1747,undirected
52305,17,undirected
52305,701,undirected
52305,1468,undirected
52305,2640,undirected
52305,2912,undirected
31733,92,undirected
31733,159,undirected
19111,23,undirected
19111,104,undirected
19111,775,undirected
80,64,undirected
80,1366,undirected
3782,703,undirected
41674,109,undirected
6033,169,undirected
1824,190,undirected
5005,464,undirected
35678,104,undirected
35678,109,undirected
35678,2147,undirected
30123,148,undirected
30123,415,undirected
30123,460,undirected
30123,777,undirected
30123,843,undirected
30123,1334,undirected
30123,1488,undirected
13203,577,undirected
13203,807,undirected
13203,1003,undirected
30727,17,undirected
30727,53,undirected
30727,169,undirected
30727,619,undirected
30727,1261,undirected
30727,1412,undirected
30727,1664,undirected
26,86,undirected
26,160,undirected
26,169,undirected
26,204,undirected
26,1459,undirected
56768,15,undirected
56768,140,undirected
56768,166,undirected
56768,323,undirected
56768,513,undirected
56768,1468,undirected
56768,2017,undirected
56768,2074,undirected
56768,2926,undirected
54900,17,undirected
54900,143,undirected
54900,159,undirected
54900,1734,undirected
53129,17,undirected
53129,1696,undirected
41461,238,undirected
41461,323,undirected
41461,1334,undirected
41461,1551,undirected
41461,1696,undirected
7588,53,undirected
7588,108,undirected
7588,166,undirected
7588,169,undirected
7588,1430,undirected
1887,104,undirected
1887,113,undirected
1887,211,undirected
1887,460,undirected
1887,657,undirected
21877,58,undirected
21877,415,undirected
21877,460,undirected
21877,1261,undirected
20815,113,undirected
1281,17,undirected
1281,169,undirected
1092,64,undirected
49776,144,undirected
49776,775,undirected
49776,1211,undirected
49776,1334,undirected
49776,1414,undirected
49776,1896,undirected
49776,2228,undirected
49776,2440,undirected
1279,269,undirected
42670,33,undirected
42670,323,undirected
42670,1211,undirected
42670,1416,undirected
42670,1587,undirected
35073,238,undirected
35073,392,undirected
35073,1254,undirected
35073,1333,undirected
35073,1614,undirected
35073,1696,undirected
28999,17,undirected
28999,143,undirected
28999,166,undirected
28999,203,undirected
28999,681,undirected
28999,1211,undirected
28999,1416,undirected
54714,104,undirected
54714,166,undirected
54714,775,undirected
54714,1211,undirected
54714,1365,undirected
54714,2146,undirected
54714,2228,undirected
54714,2424,undirected
54714,2425,undirected
19319,16,undirected
19319,64,undirected
19489,213,undirected
19489,539,undirected
19489,1143,undirected
19489,1261,undirected
29829,109,undirected
29829,464,undirected
38400,1500,undirected
93,64,undirected
93,142,undirected
93,143,undirected
93,757,undirected
93,1175,undirected
2508,79,undirected
2508,104,undirected
2508,108,undirected
2508,158,undirected
2508,306,undirected
2508,455,undirected
2508,777,undirected
8142,17,undirected
8142,757,undirected
8142,2135,undirected
29095,61,undirected
29095,238,undirected
29095,775,undirected
29095,1113,undirected
29095,1331,undirected
29095,2202,undirected
5630,53,undirected
5630,169,undirected
5630,517,undirected
5630,757,undirected
5630,3024,undirected
5231,16,undirected
5231,53,undirected
5231,213,undirected
1571,16,undirected
1571,52,undirected
1571,82,undirected
1571,711,undirected
39940,415,undirected
39940,460,undirected
39940,1365,undirected
39940,1840,undirected
3603,16,undirected
3603,230,undirected
3603,460,undirected
3603,517,undirected
3603,1365,undirected
3603,1507,undirected
3603,1516,undirected
47164,79,undirected
47164,166,undirected
47164,415,undirected
47164,460,undirected
47164,1333,undirected
47164,1444,undirected
47164,1590,undirected
47164,1815,undirected
47164,2117,undirected
17895,79,undirected
17895,92,undirected
530,55,undirected
530,2292,undirected
35198,1500,undirected
41497,17,undirected
39196,111,undirected
39196,1797,undirected
32673,29,undirected
32673,1003,undirected
32673,1418,undirected
32673,1548,undirected
32673,1549,undirected
32673,1550,undirected
51552,58,undirected
51552,1255,undirected
51552,1390,undirected
51552,1406,undirected
51552,1696,undirected
51552,2425,undirected
37924,1727,undirected
40906,16,undirected
40906,58,undirected
40906,1365,undirected
8795,113,undirected
8795,213,undirected
8795,238,undirected
8795,352,undirected
8795,460,undirected
8795,464,undirected
8795,685,undirected
740,55,undirected
740,2292,undirected
407,86,undirected
407,159,undirected
11001,113,undirected
11001,715,undirected
11001,1516,undirected
11001,1517,undirected
11001,2896,undirected
11887,92,undirected
11887,392,undirected
154,16,undirected
154,139,undirected
154,717,undirected
1818,29,undirected
1818,52,undirected
1818,1003,undirected
1818,1791,undirected
25015,109,undirected
38145,238,undirected
38145,1113,undirected
38145,1211,undirected
38145,1284,undirected
38145,1287,undirected
38145,1416,undirected
38145,1500,undirected
38145,1602,undirected
38145,2092,undirected
15809,64,undirected
15809,104,undirected
15809,144,undirected
15809,306,undirected
15809,460,undirected
15809,681,undirected
15809,777,undirected
15809,1386,undirected
7724,17,undirected
7724,53,undirected
7724,169,undirected
7724,315,undirected
7724,1365,undirected
4080,111,undirected
4080,161,undirected
43691,148,undirected
43691,1344,undirected
23249,10,undirected
23249,23,undirected
23249,28,undirected
23249,48,undirected
23249,104,undirected
23249,109,undirected
23249,230,undirected
23249,577,undirected
23249,1097,undirected
23249,1571,undirected
18153,104,undirected
18153,144,undirected
18153,145,undirected
1462,23,undirected
1462,109,undirected
1462,123,undirected
1462,159,undirected
709,111,undirected
534,7,undirected
534,16,undirected
534,153,undirected
534,717,undirected
479,62,undirected
479,210,undirected
479,717,undirected
353,1415,undirected
50273,159,undirected
50273,719,undirected
50273,1003,undirected
50273,1344,undirected
50586,64,undirected
50586,141,undirected
50586,238,undirected
50586,464,undirected
50586,513,undirected
50586,1823,undirected
50586,2074,undirected
50586,2146,undirected
50586,3001,undirected
51995,104,undirected
51995,2147,undirected
37442,53,undirected
37442,169,undirected
37442,459,undirected
37442,757,undirected
37442,1143,undirected
37442,1996,undirected
10357,48,undirected
10357,64,undirected
10357,104,undirected
10357,144,undirected
10357,166,undirected
10357,751,undirected
10218,29,undirected
10218,148,undirected
10218,166,undirected
10218,795,undirected
10218,1123,undirected
10218,1261,undirected
10218,1584,undirected
10218,1697,undirected
31637,79,undirected
31637,415,undirected
31637,460,undirected
31637,777,undirected
31637,1097,undirected
8311,1,undirected
8311,16,undirected
9074,58,undirected
9074,92,undirected
9074,717,undirected
9074,721,undirected
43523,143,undirected
43523,1003,undirected
43523,1211,undirected
43523,1337,undirected
43523,1585,undirected
43523,1635,undirected
43523,1671,undirected
43523,1680,undirected
43523,2071,undirected
43523,2146,undirected
43523,2592,undirected
38671,143,undirected
38671,159,undirected
38671,1414,undirected
38671,1671,undirected
38671,2139,undirected
2753,16,undirected
2753,513,undirected
8687,55,undirected
24893,92,undirected
24893,143,undirected
24893,159,undirected
24893,719,undirected
317,58,undirected
1293,99,undirected
1293,169,undirected
1293,1430,undirected
38619,238,undirected
38619,1551,undirected
38619,1696,undirected
5074,17,undirected
5074,1430,undirected
14741,104,undirected
14741,144,undirected
14741,145,undirected
14741,211,undirected
14741,929,undirected
8514,460,undirected
8514,874,undirected
8514,1358,undirected
42847,109,undirected
42847,1840,undirected
1211,23,undirected
1211,62,undirected
1211,143,undirected
1211,199,undirected
1211,351,undirected
1211,2981,undirected
49283,17,undirected
49283,53,undirected
49283,140,undirected
49283,166,undirected
49283,169,undirected
49283,843,undirected
49283,1886,undirected
516,16,undirected
516,139,undirected
516,211,undirected
22777,169,undirected
21339,53,undirected
21339,169,undirected
21339,459,undirected
21339,757,undirected
21339,1143,undirected
21339,1411,undirected
40620,33,undirected
40620,166,undirected
40620,460,undirected
40620,1344,undirected
40620,1582,undirected
40620,1800,undirected
40620,2074,undirected
57993,104,undirected
57993,777,undirected
57993,1582,undirected
57993,2370,undirected
57993,2424,undirected
51536,323,undirected
51536,1233,undirected
51536,1587,undirected
36094,104,undirected
36094,238,undirected
36094,737,undirected
36094,1551,undirected
36094,1696,undirected
19703,142,undirected
19703,715,undirected
19703,737,undirected
19703,1588,undirected
19703,1720,undirected
33899,23,undirected
33899,104,undirected
33899,1097,undirected
39619,539,undirected
39619,775,undirected
39619,1211,undirected
39619,1261,undirected
39619,2015,undirected
