id;label;name
125594343;Voice-Actor;Abe, Atsushi
-374991200;Voice-Actor;Kogure, Ema
-1136367952;Voice-Actor;Saotome, Taichi
-1546641566;Voice-Actor;Shimada, Aino
1910902943;Voice-Actor;Satou, Takuya
-546626413;Voice-Actor;Enoki, Junya
-954108178;Voice-Actor;Takimoto, Miori
1206209058;Voice-Actor;Satomura, Hiroshi
1232035219;Voice-Actor;Takagi, Wataru
-490275407;Voice-Actor;Nakamura, Shuugo
1963706696;Voice-Actor;Yamaguchi, Kappei
-388389166;Voice-Actor;Seki, Tomokazu
-1250646568;Voice-Actor;Tsukada, Mai
1092945023;Voice-Actor;Kino, Hana
1799225533;Voice-Actor;Ueda, Youji
883856890;Voice-Actor;Ono, Miyuki
1700759256;Voice-Actor;Yamada, Yasuo
1274140546;Voice-Actor;Oota, Shinichirou
1092234422;Voice-Actor;Oguri, Shun
1368223751;Voice-Actor;Arakawa, Miho
2016856706;Voice-Actor;Kusao, Takeshi
-1297803854;Voice-Actor;Yusa, Kouji
434453139;Voice-Actor;Sugita, Tomokazu
1328797761;Voice-Actor;Konishi, Ryousei
605566036;Voice-Actor;Hirose, Akio
292514729;Voice-Actor;Uchida, Aya
1074344180;Voice-Actor;Chiba, Chiemi
430506558;Voice-Actor;Kitou, Akari
-993992527;Voice-Actor;Okada, Junko
1670938631;Voice-Actor;Ura, Kazuki
-1770958415;Voice-Actor;Kurita, Kanichi
159268026;Voice-Actor;Ichimichi, Mao
-1962801701;Voice-Actor;Tokumitsu, Yuka
-508810743;Voice-Actor;Iwata, Mitsuo
-1257937044;Voice-Actor;Nakatsu, Mari
2089488973;Voice-Actor;Kiyokawa, Motomu
1203767991;Voice-Actor;Emori, Aya
603409732;Voice-Actor;Chiba, Saeko
-152379318;Voice-Actor;Tamegai, Hana
-540583360;Voice-Actor;Izawa, Shiori
-2129712745;Voice-Actor;Yukino, Satsuki
1961564723;Voice-Actor;Kusunoki, Tomori
-1805002020;Voice-Actor;Machico
-724946153;Voice-Actor;Takahashi, Minami
1034912887;Voice-Actor;Nishigaki, Yuka
201482628;Voice-Actor;Ikeda, Shuuichi
-1923063130;Voice-Actor;Hara, Nanoka
1600777524;Voice-Actor;Misawa, Mayumi
-1335600080;Voice-Actor;Asano, Mayumi
1074491372;Voice-Actor;Ichikawa, Aoi
1536948993;Voice-Actor;Ishiya, Haruki
-906157948;Voice-Actor;Misawa, Sachika
-211339468;Voice-Actor;Takeuchi, Shunsuke
249696535;Voice-Actor;Tsuchida, Hiroshi
790354704;Voice-Actor;Yamada, Kinoko
1996009858;Voice-Actor;Koshimizu, Ami
-267381020;Voice-Actor;Hirano, Aya
-26668036;Voice-Actor;Asakura, Azumi
-240687688;Voice-Actor;Kobayashi, Chiaki
-1377275154;Voice-Actor;Toyosaki, Aki
-1114893164;Voice-Actor;Mori, Norihisa
-779775103;Voice-Actor;Ootsuda, Hiromi
-222259198;Voice-Actor;Kinoshita, Sayaka
2113802366;Voice-Actor;Nagasako, Takashi
1784258126;Voice-Actor;Kinoshita, Hiroyuki
1938860046;Voice-Actor;Hayami, Show
-106246846;Voice-Actor;Miyauchi, Kouhei
1136274292;Voice-Actor;Mikami, Shiori
33397831;Voice-Actor;Kawakami, Tomoko
-448409145;Voice-Actor;Suzumura, Kenichi
2029051715;Voice-Actor;Takeuchi, Ayako
-1834329408;Voice-Actor;Ishige, Shouya
-1837187259;Voice-Actor;Kanada, Aki
-868552550;Voice-Actor;Yanada, Kiyoyuki
-1973159919;Voice-Actor;Tanaka, Takako
75717441;Voice-Actor;Toyonaga, Toshiyuki
-2082634431;Voice-Actor;Yasuda, Miwa
-1545153521;Voice-Actor;Okamoto, Nobuhiko
1856824680;Voice-Actor;Hanamori, Yumiri
1162443810;Voice-Actor;Utsumi, Kenji
403723175;Voice-Actor;Shimizu, Ai
828766319;Voice-Actor;Oono, Momoka
-1050111226;Voice-Actor;Morikawa, Toshiyuki
-1404697431;Voice-Actor;Yaguchi, Asami
369471873;Voice-Actor;Kohara, Konomi
1985733302;Voice-Actor;Nanjou, Yoshino
-1341022864;Voice-Actor;Satou, Amina
-984388060;Voice-Actor;Takase, Akimitsu
-1991091409;Voice-Actor;Ishikawa, Kaito
2077201619;Voice-Actor;Ootsuka, Houchuu
-254875577;Voice-Actor;Nitta, Emi
-1214937427;Voice-Actor;Morita, Masakazu
-176170295;Voice-Actor;Yanagi, Naoki
1510102031;Voice-Actor;Moriyama, Shuichiro
1630520817;Voice-Actor;Matsuoka, Yuki
-1229660461;Voice-Actor;Kitahara, Fumie
1556800485;Voice-Actor;Itou, Kent
-2025549980;Voice-Actor;Fujitani, Miki
-1479185527;Voice-Actor;Shiraishi, Fuyumi
-1891176591;Voice-Actor;Otsuka, Chihiro
-1555111935;Voice-Actor;Nara, Tooru
1735455731;Voice-Actor;Sonozaki, Mie
-1351475176;Voice-Actor;Kabe, Amon
-841991421;Voice-Actor;Koorogi, Satomi
-1816357557;Voice-Actor;Imai, Asami
1945088420;Voice-Actor;Uchida, Naoya
-531467188;Voice-Actor;Miura, Haruma
1072626431;Voice-Actor;Kaneda, Tomoko
2035855208;Voice-Actor;Kondo, Takashi
-1635636539;Voice-Actor;Yukana
-1430841717;Voice-Actor;Nojima, Kenji
861716974;Voice-Actor;Yukinari, Toa
-469146262;Voice-Actor;Kugimiya, Rie
-1582129998;Voice-Actor;Fujimoto, Yuri
-1504550927;Voice-Actor;Asai, Ayaka
180405641;Voice-Actor;Suzuki, Tatsuhisa
300770578;Voice-Actor;Kishiro, Sakurako
1092952711;Voice-Actor;Kino, Hina
-1761083683;Voice-Actor;Hara, Suzuko
-317458557;Voice-Actor;Kobayashi, Kiyoshi
1010497009;Voice-Actor;Iizuka, Mayumi
529263227;Voice-Actor;Fukuen, Misato
875903276;Voice-Actor;Yuzuki, Ryouka
-2008115333;Voice-Actor;Tanaka, Ryouko
2121839670;Voice-Actor;Tanaka, Mayumi
1158276721;Voice-Actor;Inoue, You
237323193;Voice-Actor;Mitsuishi, Kotono
-42375752;Voice-Actor;Nagase, Tomoya
-496682206;Voice-Actor;Ogasawara, Arisa
1860733540;Voice-Actor;Yanami, Jouji
-1408984612;Voice-Actor;Miyazaki, Yuu
1051942534;Voice-Actor;Sasaki, Isao
-1654332275;Voice-Actor;Iwanaga, Hiroaki
1636956602;Voice-Actor;Sato, Akemi
-883163738;Voice-Actor;Orikasa, Ai
-624551897;Voice-Actor;Hayashi, Tamao
248053542;Voice-Actor;Shimamura, Yuu
-1849512722;Voice-Actor;Sakurai, Harumi
238304903;Voice-Actor;Okamura, Akemi
301268560;Voice-Actor;Hirano, Fumi
694535077;Voice-Actor;Ono, Fuyuka
372973607;Voice-Actor;Yoshida, Hitomi
-25089305;Voice-Actor;Hayami, Saori
-1813860775;Voice-Actor;Ikeda, Masaru
632528853;Voice-Actor;Sekine, Wataru
343486979;Voice-Actor;Katou, Seishirou
1672834226;Voice-Actor;Terasaki, Yuka
-1563969087;Voice-Actor;Hosoya, Yoshimasa
1858131610;Voice-Actor;Tsunoda, Narumi
1680749196;Voice-Actor;Pozatto, Mariana
401286265;Voice-Actor;Kobayashi, Yumiko
-2032752875;Voice-Actor;Sanpei, Yuuko
-214433871;Voice-Actor;Nojima, Hirofumi
1740424855;Voice-Actor;Ikeda, Junya
-570808911;Voice-Actor;Kouda, Mariko
-125290934;Voice-Actor;Hondo, Kaede
-1335778826;Voice-Actor;Asano, Masumi
673256684;Voice-Actor;Yamadera, Kouichi
263658627;Voice-Actor;Asakura, Aki
472836572;Voice-Actor;Gouda, Hozumi
-818422904;Voice-Actor;Tomiyama, Kei
-2073427426;Voice-Actor;Fukunishi, Masaya
-183541211;Voice-Actor;Tanaka, Kazunari
-2117075954;Voice-Actor;Kaji, Yuuki
-1078728159;Voice-Actor;Murase, Michiyo
684594450;Voice-Actor;Toochika, Kouichi
1748251224;Voice-Actor;Katsuki, Masako
455881565;Voice-Actor;Haruse, Natsumi
1803287215;Voice-Actor;Kojima, Sachiko
-863569008;Voice-Actor;Matsumoto, Sara
-876829989;Voice-Actor;Toyoguchi, Megumi
109104680;Voice-Actor;Hamano, Daiki
-667821544;Voice-Actor;Nazuka, Kaori
84615482;Voice-Actor;Morishita, Yukiko
-863739911;Voice-Actor;Matsumoto, Miwa
358419852;Voice-Actor;Yuikawa, Asaki
1227910354;Voice-Actor;Kamio, Shinichirou
640546987;Voice-Actor;Han, Megumi
-1058162468;Voice-Actor;Furukawa, Toshio
-1359370708;Voice-Actor;Nakajima, Yoshiki
-485832651;Voice-Actor;Noda, Junko
-852132797;Voice-Actor;Buhr, Reba
-2113606724;Voice-Actor;Tomari, Asuna
-1180212726;Voice-Actor;Jou, Masako
-45397545;Voice-Actor;Sakurai, Takahiro
1213109563;Voice-Actor;Kawasumi, Ayako
1150874069;Voice-Actor;Kumagai, Mirei
-255676712;Voice-Actor;Nagai, Anzu
389328304;Voice-Actor;Kakuma, Ai
1932935367;Voice-Actor;Katou, Nanae
-1223611073;Voice-Actor;Watanabe, Naoko
-56899984;Voice-Actor;Yuuki, Aoi
-1884713945;Voice-Actor;Kuno, Misaki
-1395879082;Voice-Actor;Fuchigami, Mai
-1291268278;Voice-Actor;Miyata, Kouki
1529982402;Voice-Actor;Sakaguchi, Daisuke
1988301924;Voice-Actor;Ono, Daisuke
-1414738672;Voice-Actor;Ootsuka, Akio
1440664520;Voice-Actor;Kimura, Takuya
1127903270;Voice-Actor;Hisakawa, Aya
1440967065;Voice-Actor;Tsumugi, Risa
857020055;Voice-Actor;Hayashibara, Megumi
347726413;Voice-Actor;Nakashima, Yuki
-534739831;Voice-Actor;Suzuki, Rio
2130871108;Voice-Actor;Komatsu, Yuka
-869770287;Voice-Actor;Taniguchi, Yuna
-950464021;Voice-Actor;Ooyama, Takanori
-1163625011;Voice-Actor;Ogura, Yui
-252971033;Voice-Actor;Narahashi, Miki
-437332008;Voice-Actor;Kobayashi, Yuusuke
1845442288;Voice-Actor;Enomoto, Atsuko
1876040876;Voice-Actor;Mizushima, Daichuu
2107800461;Voice-Actor;Saka, Osamu
-1031224018;Voice-Actor;Suzaki, Aya
-83108849;Voice-Actor;Mizuki, Nana
1702930062;Voice-Actor;Takumi, Yasuaki
1325420234;Voice-Actor;Tono, Hikaru
2037256733;Voice-Actor;Takeuchi, Junko
-1942742686;Voice-Actor;Mitsuya, Yuuji
-1375441811;Voice-Actor;Sakurazuka, Yakkun
1404135962;Voice-Actor;Taneda, Risa
885558805;Voice-Actor;Yamada, Eiko
-409371691;Voice-Actor;Shiraki, Anna
937556008;Voice-Actor;Miyamoto, Mitsuru
-1993628914;Voice-Actor;Ishikawa, Hideo
257790344;Voice-Actor;Yamazaki, Takumi
1007522962;Voice-Actor;Itou, Ayasa
1617803143;Voice-Actor;Toda, Keiko
-89704457;Voice-Actor;Uechi, Aki
811681975;Voice-Actor;Park, Romi
-10559693;Voice-Actor;Sugiyama, Noriaki
379243378;Voice-Actor;Hayashi, Yuu
-998327704;Voice-Actor;Shindou, Amane
-540300253;Voice-Actor;Kiyoto, Arisa
-1305352783;Voice-Actor;Muranaka, Tomo
-276941091;Voice-Actor;Honda, Chieko
906426204;Voice-Actor;Tsumabuki, Satoshi
444351070;Voice-Actor;Yamaji, Kazuhiro
1218405200;Voice-Actor;Ishigami, Shizuka
-1889305852;Voice-Actor;Endou, Asuka
-1401217921;Voice-Actor;Takihara, Yuuta
-515277882;Voice-Actor;Kitamura, Eri
2035604885;Voice-Actor;Wakayama, Genzo
-646245319;Voice-Actor;Nakagawa, Taishi
975710792;Voice-Actor;Aoi, Teruhiko
-685928185;Voice-Actor;Kobayashi, Sanae
-1070400430;Voice-Actor;Ishida, Akira
-839212374;Voice-Actor;Ookubo, Rumi
25659817;Voice-Actor;Kishita, Naoko
1141801424;Voice-Actor;Gouri, Daisuke
-863591576;Voice-Actor;Matsumoto, Rica
1408049815;Voice-Actor;Kasama, Jun
-1060992766;Voice-Actor;Mitsuhashi, Kanako
1672484256;Voice-Actor;Yano, Shougo
-1132239597;Voice-Actor;Shiraishi, Ryouko
-889975160;Voice-Actor;Ootsuka, Takeo
-352332651;Voice-Actor;Nakano, Yuto
1996070922;Voice-Actor;Takanashi, Kengo
-1757976922;Voice-Actor;Wakamoto, Norio
1211172345;Voice-Actor;Ishino, Ryuuzou
217275508;Voice-Actor;Gibu, Yuuko
-686696501;Voice-Actor;Suzuki, Hiroki
3157735;Voice-Actor;Honda, Mariko
1172452101;Voice-Actor;Ogata, Kenichi
-42233775;Voice-Actor;Kahara, Moe
-1902425086;Voice-Actor;Kawashima, Chiyoko
941267310;Voice-Actor;Kiyohara, Kaya
-503190453;Voice-Actor;Yoshino, Hiroyuki
-1990806817;Voice-Actor;Tada, Konomi
453981100;Voice-Actor;Hasegawa, Ikumi
1591537412;Voice-Actor;Komori, Yuri
1913271963;Voice-Actor;Saitou, Rie
-239198089;Voice-Actor;Hase, Arihiro
-1074781233;Voice-Actor;Ninomiya, Kazunari
-1176044233;Voice-Actor;Honizumi, Rina
750020682;Voice-Actor;Tachibana, Rika
1505232370;Voice-Actor;Touyama, Nao
-65034611;Voice-Actor;Fujita, Nao
722197728;Voice-Actor;Kumai, Motoko
1942507449;Voice-Actor;Kawashima, Reiji
1719465729;Voice-Actor;Kajiwara, Gakuto
2128880917;Voice-Actor;Tanaka, Minami
647905535;Voice-Actor;Taguchi, Hiroko
1035096108;Voice-Actor;Togashi, Misuzu
617611648;Voice-Actor;Kamiya, Akira
-1129033576;Voice-Actor;Tsuchiya, Tao
182273481;Voice-Actor;Chinen, Yuuri
1882535781;Voice-Actor;Satou, Satomi
1569085963;Voice-Actor;Suzuhara, Nozomi
1352416850;Voice-Actor;Oosaka, Ryouta
-1045686172;Voice-Actor;Haga, Satoshi
-1516424243;Voice-Actor;Orikasa, Fumiko
1004488410;Voice-Actor;Fukuyama, Jun
-1948350991;Voice-Actor;Konishi, Katsuyuki
94953930;Voice-Actor;Aoi, Yuu
1813962555;Voice-Actor;Shirai, Yuusuke
-1259675440;Voice-Actor;Murata, Taishi
196785606;Voice-Actor;Makiguchi, Mayuki
-1093583810;Voice-Actor;Yanase, Natsumi
1815134916;Voice-Actor;Mamiya, Shoutarou
-691292786;Voice-Actor;Koyama, Momoyo
1431441518;Voice-Actor;Fujita, Toshiko
-1926188615;Voice-Actor;Mitsushima, Shinnosuke
1706643959;Voice-Actor;Hikisaka, Rie
-1848930808;Voice-Actor;Okasaki, Miho
1086191395;Voice-Actor;Aizawa, Saya
-471828723;Voice-Actor;Yabushima, Akane
507751009;Voice-Actor;Tamiyasu, Tomoe
-2076890171;Voice-Actor;Namikawa, Daisuke
810261924;Voice-Actor;Inoue, Kazuhiko
966601512;Voice-Actor;Okitsu, Kazuyuki
188620718;Voice-Actor;Maeda, Sayaka
1240759260;Voice-Actor;Egoshi, Akinori
-659402642;Voice-Actor;Iwata, Haruki
-1825445439;Voice-Actor;Sayuri
-1707785373;Voice-Actor;Taichi, You
-966533969;Voice-Actor;Kawanishi, Kengo
541279599;Voice-Actor;Kazama, Yuuto
232421367;Voice-Actor;Okayama, Amane
-175142851;Voice-Actor;Miura, Tomoko
1739660556;Voice-Actor;Sasaki, Nozomu
149067411;Voice-Actor;Nanase, Ayaka
1152186343;Voice-Actor;Tai, Yuuki
-669409040;Voice-Actor;Yamaoka, Yuri
-1531718043;Voice-Actor;Ookuma, Wakana
-309420403;Voice-Actor;Irino, Miyu
1562670976;Voice-Actor;Miki, Shinichiro
1864042393;Voice-Actor;Sasajima, Kaoru
-2145084025;Voice-Actor;Kamiki, Ryunosuke
1609747226;Voice-Actor;Ooyama, Nobuyo
1604918770;Voice-Actor;Shibuya, Shigeru
1750177801;Voice-Actor;Koizumi, Moeka
-1562116510;Voice-Actor;Nakagawa, Akiko
-1112143207;Voice-Actor;Hamazoe, Shinya
-727277517;Voice-Actor;Iguchi, Yuuichi
-1276990229;Voice-Actor;Kimura, Juri
-335467805;Voice-Actor;Horie, Mitsuko
-867359006;Voice-Actor;Shimazaki, Nobunaga
-2061848918;Voice-Actor;Mizutani, Yuuko
1864657947;Voice-Actor;Kawata, Taeko
-2049837345;Voice-Actor;Suwa, Ayaka
-43664692;Voice-Actor;Ogata, Megumi
1936341820;Voice-Actor;Itou, Kentarou
1815806500;Voice-Actor;Doi, Mika
1734787910;Voice-Actor;Makino, Yui
124960571;Voice-Actor;Terui, Haruka
-1901631858;Voice-Actor;Ichiryuusai, Teiyuu
987093336;Voice-Actor;Sakakura, Sakura
-1116427992;Voice-Actor;Ikuta, Teru
-1714158455;Voice-Actor;Horie, Shun
1668091501;Voice-Actor;Nakazawa, Masatomo
1012864547;Voice-Actor;Ikewaki, Chizuru
-80429215;Voice-Actor;Aoyama, Yoshino
410477637;Voice-Actor;Aigase, Ryuji
1699206155;Voice-Actor;Tenjin, Umi
-938010818;Voice-Actor;Ikura, Kazue
1218537767;Voice-Actor;Tsuru, Hiromi
-774805254;Voice-Actor;Miyuki, Sanae
-1816357627;Voice-Actor;Imai, Asaka
393130124;Voice-Actor;Saitou, Ayaka
-890796360;Voice-Actor;Mizuhashi, Kaori
1631457098;Voice-Actor;Umeda, Shuuichirou
800393984;Voice-Actor;Sakamoto, Maaya
386289534;Voice-Actor;Takayama, Minami
-717400613;Voice-Actor;Anno, Hideaki
-2002774756;Voice-Actor;Asumi, Kana
-1732108865;Voice-Actor;Matsuyama, Takashi
-1956333993;Voice-Actor;Kiyasu, Kouhei
-1968383504;Voice-Actor;Fujioka, Juukei
1795398863;Voice-Actor;Nishimura, Chinami
1665861808;Voice-Actor;Itou, Setsuo
-2083730646;Voice-Actor;Maeda, Ai
295893865;Voice-Actor;Yamada, Yu
-1525977001;Voice-Actor;Uchiyama, Yumi
-1906181481;Voice-Actor;Iwao, Junko
2413368;Voice-Actor;Myco
-640855958;Voice-Actor;Tsuchiya, Anna
-1464772840;Voice-Actor;Tobita, Nobuo
1837005553;Voice-Actor;Osawa, Takao
695893647;Voice-Actor;Inoue, Makio
1064225957;Voice-Actor;Nakata, Jouji
-1763614796;Voice-Actor;Yuuki, Kana
-1183682921;Voice-Actor;Yasumoto, Hiroki
1049753756;Voice-Actor;Hanamura, Satomi
1536329690;Voice-Actor;Takato, Yasuhiro
-1013194783;Voice-Actor;Sakurai, Yuuki
1730927267;Voice-Actor;Matsuno, Taiki
-2147323615;Voice-Actor;Sasahara, Yuu
-812309365;Voice-Actor;Konishi, Hiroko
-822498610;Voice-Actor;Kikuchi, Masami
1191112229;Voice-Actor;Takaguchi, Yukiko
-1132892364;Voice-Actor;Matsumoto, Marika
-1292607799;Voice-Actor;Shimono, Hiro
-556008579;Voice-Actor;Amano, Yuri
-2043522415;Voice-Actor;Toyota, Moe
98075180;Voice-Actor;Inoue, Marina
-1813860998;Voice-Actor;Ikeda, Masako
647042807;Voice-Actor;Ohara, Sayaka
1035862296;Voice-Actor;Kawase, Maki
-293859317;Voice-Actor;Matsuda, Youji
1218355603;Voice-Actor;Iguchi, Yuka
-1351549901;Voice-Actor;Oowada, Hitomi
822574794;Voice-Actor;Ono, Kensho
1752830538;Voice-Actor;Shigaki, Taro
-1618638379;Voice-Actor;Yorita, Natsu
644770853;Voice-Actor;Hagiwara, Masato
1579643289;Voice-Actor;Suzuka, Chiharu
1800701463;Voice-Actor;Mizuta, Wasabi
1419406276;Voice-Actor;Ishizuka, Unshou
982371202;Voice-Actor;Yamane, Aya
1610330600;Voice-Actor;Shiraishi, Ayano
-1513803756;Voice-Actor;Yasuno, Kiyono
608463582;Voice-Actor;Sakuya, Shunsuke
178045728;Voice-Actor;Itou, Shizuka
-1172602045;Voice-Actor;Tsuchiya, Shinba
-1532522512;Voice-Actor;Watada, Misaki
-600542303;Voice-Actor;Tamura, Yukari
-1355458919;Voice-Actor;Nishii, Yukito
437940973;Voice-Actor;Saikachi, Ryuuji
1349923655;Voice-Actor;Majima, Junji
235273499;Voice-Actor;Tani, Ikuko
-350608770;Voice-Actor;Kaida, Yuki
851137066;Voice-Actor;Seto, Asami
-1081270674;Voice-Actor;Suzushiro, Sayumi
-1456025876;Voice-Actor;Yonaga, Tsubasa
-1185647369;Voice-Actor;Kotobuki, Minako
430916263;Voice-Actor;Kuwahara, Yuuki
-669684879;Voice-Actor;Toudou, Mai
-490648982;Voice-Actor;Nakamura, Shidou
311653152;Voice-Actor;Maki, Yoko
1896153442;Voice-Actor;Hitomi, Saya
290389829;Voice-Actor;Koyasu, Takehito
1486121349;Voice-Actor;Iino, Mayu
516625511;Voice-Actor;Ohara, Noriko
-1235328453;Voice-Actor;Watanabe, Akeno
-1476449688;Voice-Actor;Saito, Taiyo
1722953719;Voice-Actor;Hironaka, Masashi
-1579309934;Voice-Actor;Horie, Yui
-1321917947;Voice-Actor;Kobayashi, Ai
2383917;Voice-Actor;Lynn
2547274;Voice-Actor;Rina
339150138;Voice-Actor;Itakura, Mitsutaka
238181868;Voice-Actor;Nozawa, Masako
85783328;Voice-Actor;Yuina
85141527;Voice-Actor;Shimamoto, Sumi
-898099787;Voice-Actor;Kuroki, Haru
563914882;Voice-Actor;Fujiki, Yoshikatsu
-2093312339;Voice-Actor;Fukui, Yukari
-167127464;Voice-Actor;Ozaki, Mami
-1463509083;Voice-Actor;Naitou, Ryou
1097322811;Voice-Actor;Kimura, Haruka
2075827560;Voice-Actor;Ohgo, Suzuka
1593785585;Voice-Actor;Tanaka, Nobuo
379223387;Voice-Actor;Suwabe, Junichi
-700204167;Voice-Actor;Igoma, Yurie
1073282918;Voice-Actor;Kanai, Mika
-1938476209;Voice-Actor;Amano, Satomi
-2104904607;Voice-Actor;Tojo, Kanako
85794992;Voice-Actor;Yuuri
-2110904488;Voice-Actor;Katsu, Anri
-1584390545;Voice-Actor;Ookuma, Kenta
-1286894040;Voice-Actor;Komatsu, Mikako
1911608482;Voice-Actor;Kasahara, Hiroko
-338092596;Voice-Actor;Shimoji, Shino
2126297259;Voice-Actor;Higashiuchi, Mariko
-830700885;Voice-Actor;Sekine, Arisa
1944151445;Voice-Actor;Uchida, Maaya
-691178780;Voice-Actor;Sugimoto, Yuu
-275573074;Voice-Actor;Canna, Nobutoshi
1564583453;Voice-Actor;Mizutani, Shunsuke
1697893647;Voice-Actor;Iida, Riho
-1187308571;Voice-Actor;Hoshi, Souichirou
-1991999037;Voice-Actor;Nishiyama, Koutarou
397539484;Voice-Actor;Nakagami, Ikumi
165866907;Voice-Actor;Takagaki, Ayahi
1712107003;Voice-Actor;Ishida, Takuya
74351962;Voice-Actor;Mirei
-1978123332;Voice-Actor;Akiya, Tomoko
489777017;Voice-Actor;Nagae, Rika
1615151859;Voice-Actor;Hirose, Yuuki
815958271;Voice-Actor;Tsujitani, Kouji
-1715777038;Voice-Actor;Hidaka, Rina
1694306622;Voice-Actor;Sugaya, Masako
1979609747;Voice-Actor;Ono, Yuuki
966667162;Voice-Actor;Toriumi, Kousuke
810388240;Voice-Actor;Nakahara, Mai
-754135827;Voice-Actor;Tomatsu, Haruka
-1404279681;Voice-Actor;Aihara, Kotomi
-1789864125;Voice-Actor;Naka, Riisa
1087689511;Voice-Actor;Tanaka, Mei
75039523;Voice-Actor;Natsu
-1358375049;Voice-Actor;Yukimura, Eri
1504511780;Voice-Actor;Suzuki, Keiko
-1179273969;Voice-Actor;Takamori, Natsumi
174304068;Voice-Actor;Eguchi, Takuya
-1553252409;Voice-Actor;Terashima, Takuma
138561216;Voice-Actor;Kayumi, Iemasa
-1698770324;Voice-Actor;Sakurai, Miyuki
2016039801;Voice-Actor;Kaida, Yuuko
-1556905858;Voice-Actor;Oda, Yuusei
1098684254;Voice-Actor;Sakakibara, Yoshiko
708072239;Voice-Actor;Houki, Katsuhisa
-379288215;Voice-Actor;Ootsubo, Yuka
514696011;Voice-Actor;Watanabe, Misa
-952327107;Voice-Actor;Nabei, Makiko
-1934432406;Voice-Actor;Renbutsu, Misako
571230054;Voice-Actor;Nonaka, Ai
-1297696092;Voice-Actor;Shimazu, Saeko
721749715;Voice-Actor;Hishikawa, Hana
411758800;Voice-Actor;Igarashi, Hiromi
1695008567;Voice-Actor;Uemura, Noriko
79866583;Voice-Actor;Shuri
828058068;Voice-Actor;Kubo, Yurika
301151249;Voice-Actor;Kanemoto, Hisako
-57883832;Voice-Actor;Murata, Akino
-1282838201;Voice-Actor;Tamura, Atsushi
-1955524381;Voice-Actor;Katou, Ren
607955012;Voice-Actor;Tatekabe, Kazuya
34953465;Voice-Actor;Takahira, Narumi
1668641251;Voice-Actor;Sawashiro, Miyuki
1343208423;Voice-Actor;Matsuura, Ayu
679688276;Voice-Actor;Inuyama, Inuko
1174761181;Voice-Actor;Nounen, Rena
-673919286;Voice-Actor;Han, Keiko
343658600;Voice-Actor;Yamazaki, Wakana
-627194634;Voice-Actor;Akasaki, Chinatsu
-1744146520;Voice-Actor;Okada, Junichi
-85551001;Voice-Actor;Yamazaki, Haruka
562780971;Voice-Actor;Nozawa, Nachi
-817925082;Voice-Actor;Kurosawa, Tomoyo
-270638701;Voice-Actor;Kakazu, Yumi
1880558532;Voice-Actor;Mizuno, Saku
735490998;Voice-Actor;Furuki, Nozomi
1817690468;Voice-Actor;Kashiwakura, Tsutomu
141053390;Voice-Actor;Masuyama, Eiko
1795657955;Voice-Actor;Tanaka, Atsuko
1792451560;Voice-Actor;Ueda, Reina
1970240156;Voice-Actor;Kobayashi, Yuu
-1587490729;Voice-Actor;Oohata, Shintarou
-775018323;Voice-Actor;Iwasaki, Ryouta
-385711991;Voice-Actor;Suzuki, Ryouta
-1661268324;Voice-Actor;Futamata, Issei
-402688508;Voice-Actor;Fujiwara, Natsumi
2487634;Voice-Actor;Pile
1735354274;Voice-Actor;Takahashi, Rie
802547426;Voice-Actor;Takashima, Gara
-2125798351;Voice-Actor;Sakaguchi, Shuuhei
278145744;Voice-Actor;Saiki, Miho
616096508;Voice-Actor;Naruse, Eimi
-327162381;Voice-Actor;Imai, Fumiya
2046771363;Voice-Actor;Wakayama, Shion
-2142091587;Voice-Actor;Kakihara, Tetsuya
2088254962;Voice-Actor;Kaneko, Yuuki
-73528935;Voice-Actor;Uemura, Yuuto
-1197694692;Voice-Actor;Nanba, Keiichi
1016055127;Voice-Actor;Itou, Kanae
1556863819;Voice-Actor;Itou, Miku
-1129514379;Voice-Actor;Matsumoto, Megumi
-415834648;Voice-Actor;Hoshii, Nanase
362693247;Voice-Actor;Daigo, Kotarou
-710921092;Voice-Actor;Maeno, Tomoaki
1220149377;Voice-Actor;Takahashi, Issei
473653768;Voice-Actor;Miyake, Marie
-1351224791;Voice-Actor;Nanri, Yuuka
-1277916651;Voice-Actor;Kondou, Reina
1393288275;Voice-Actor;Tomita, Maho
874989461;Voice-Actor;Nakamura, Chie
1043786278;Voice-Actor;Tanaka, Hideyuki
744373162;Voice-Actor;Satake, Uki
-1888066706;Voice-Actor;Hori, Hideyuki
1354621681;Voice-Actor;Harada, Hitomi
156851121;Voice-Actor;Kondou, Takayuki
-1233924106;Voice-Actor;Andou, Mabuki
-1174471784;Voice-Actor;Kusuda, Aina
1752353839;Voice-Actor;Shigematsu, Atori
91523827;Voice-Actor;Mori, Nana
1014204324;Voice-Actor;Tamura, Nao
4574389;Voice-Actor;Iitoyo, Marie
186763780;Voice-Actor;Oobayashi, Ryuusuke
778519367;Voice-Actor;Fujita, Yoshinori
1417784817;Voice-Actor;Shimizu, Kaori
406278940;Voice-Actor;Sugou, Takayuki
-1861243848;Voice-Actor;Komiya, Kazue
667243622;Voice-Actor;Yamamoto, Keiko
1800568137;Voice-Actor;Koga, Aoi
1955848365;Voice-Actor;Uchida, Yuuma
-1652134563;Voice-Actor;Adachi, Naoto
70287441;Voice-Actor;Yamashita, Daiki
806766546;Voice-Actor;Tamura, Mutsumi
1250772853;Voice-Actor;Mamiya, Kurumi
-267503981;Voice-Actor;Okano, Kousuke
-1239479883;Voice-Actor;Komatsu, Fuminori
-259760041;Voice-Actor;Nagayoshi, Yuka
-1502324070;Voice-Actor;Touchi, Hiroki
680105403;Voice-Actor;Minaguchi, Yuko
1532605082;Voice-Actor;Chiba, Shouya
-659816257;Voice-Actor;Takagi, Hitoshi
814677563;Voice-Actor;Dendou, Rina
-1356683575;Voice-Actor;Sugawara, Masashi
-1664581808;Voice-Actor;Kouzuki, Yuria
-683157786;Voice-Actor;Sakai, Kanako
1393296496;Voice-Actor;Tomita, Miyu
1431267978;Voice-Actor;Shimizu, Mari
65676;Voice-Actor;Ado
-1398201944;Voice-Actor;Sakazume, Takayuki
-2012901003;Voice-Actor;Ichinose, Hidekazu
605121934;Voice-Actor;Tanezaki, Atsumi
-1352480621;Voice-Actor;Ando, Sakura
1359964330;Voice-Actor;Ohkura, Kouji
491283226;Voice-Actor;Touma, Yumi
-346345344;Voice-Actor;Nagata, Akira
-1721565692;Voice-Actor;Date, Arisa
1277959065;Voice-Actor;Uesaka, Sumire
910723543;Voice-Actor;Kosugi, Juurouta
2039850839;Voice-Actor;Gotou, Yuuko
2122277590;Voice-Actor;Hata, Sawako
65078504;Voice-Actor;Chiko
67722;Voice-Actor;Cho
1197737536;Voice-Actor;Tatsumi, Tsutomu
288004481;Voice-Actor;Inoue, Suguru
1682385961;Voice-Actor;Kamishiraishi, Mone
-1442401654;Voice-Actor;Fukami, Rica
-1338457452;Voice-Actor;Emori, Hiroko
90285785;Voice-Actor;Yamashita, Yurie
-641716946;Voice-Actor;Tanaka, Aimi
-1287481046;Voice-Actor;Shizaki, Kanon
-492332476;Voice-Actor;Noto, Mamiko
-554230866;Voice-Actor;Takahashi, Shinya
-1993972219;Voice-Actor;Sakuragawa, Megu
-1446966960;Voice-Actor;Mori, Yuuko
-682245681;Voice-Actor;Miyahara, Nami
-1535133200;Voice-Actor;Sasamoto, Yuuko
-882569063;Voice-Actor;Tomizawa, Michie
-1914139499;Voice-Actor;Hamada, Kenji
-94531089;Voice-Actor;Miyumi, Shuri
-1328824829;Voice-Actor;Date, Sayuri
1004344563;Voice-Actor;Morohoshi, Sumire
1010994542;Voice-Actor;Kanda, Akemi
2398226;Voice-Actor;Mika
1532267122;Voice-Actor;Onosaka, Masaya
513354548;Voice-Actor;Ban, Taito
2025130604;Voice-Actor;Aoki, Sayaka
203345567;Voice-Actor;Honda, Takako
1661525538;Voice-Actor;Kawaei, Rina
-1444360118;Voice-Actor;Aida, Rikako
1796146855;Voice-Actor;Aoki, Kazuyo
-2015924005;Voice-Actor;Fujita, Saki
-54269680;Voice-Actor;Shinohara, Emi
73435676;Voice-Actor;Liyuu
576286597;Voice-Actor;Nishio, Yuuka
-1371636324;Voice-Actor;Kawakami, Chihiro
-1189900809;Voice-Actor;Kiuchi, Hidenobu
-373646724;Voice-Actor;Suzukaze, Mayo
2007041697;Voice-Actor;Matsukaze, Masaya
-412902601;Voice-Actor;Stahl, Laura
-215228480;Voice-Actor;Hinata, Minami
1167734068;Voice-Actor;Yashiro, Taku
363854677;Voice-Actor;Honna, Youko
-389036098;Voice-Actor;Omigawa, Chiaki
22994792;Voice-Actor;Tominaga, Miina
133345252;Voice-Actor;Koyama, Mami
-365110185;Voice-Actor;Ikezawa, Haruna
-1213130797;Voice-Actor;Misaki, Nako
-57836013;Voice-Actor;Takenaka, Naoto
2047500484;Voice-Actor;Shouji, Miyoko
-1982418710;Voice-Actor;Satou, Rina
-1229534417;Voice-Actor;Koizumi, Yutaka
-447861207;Voice-Actor;Ishihara, Kaori
799789929;Voice-Actor;Narita, Ken
-1995928161;Voice-Actor;Kaburagi, Kaichi
-104195742;Voice-Actor;Yamauchi, Yuuya
-830909453;Voice-Actor;Sekine, Akira
63730455;Voice-Actor;Ayasa
-1518673732;Voice-Actor;Iida, Toshinobu
-1065052370;Voice-Actor;Yonai, Yuki
-645408352;Voice-Actor;Mita, Yuuko
-1129018785;Voice-Actor;Hayashi, Coco
928220613;Voice-Actor;Suzuoki, Hirotaka
767473913;Voice-Actor;Matsumura, Hokuto
634861682;Voice-Actor;Imai, Yuka
-1011544967;Voice-Actor;Payton, Naomi
-623754043;Voice-Actor;Sato, Ginpei
-1092098919;Voice-Actor;Neya, Michiko
-1499461820;Voice-Actor;Ozawa, Ari
887923046;Voice-Actor;Kudou, Haruka
-350737574;Voice-Actor;Suzuki, Takuma
1438103168;Voice-Actor;Hashimoto, Kouichi
1788987504;Voice-Actor;Mano, Ayumi
626697398;Voice-Actor;Kimura, Ryouhei
-1847347931;Voice-Actor;Fuchizaki, Yuriko
1158262485;Voice-Actor;Inoue, Jun
-1066004299;Voice-Actor;Hori, Junko
1925406402;Voice-Actor;Kikuchi, Mika
84841313;Voice-Actor;Aoyama, Nagisa
1459814627;Voice-Actor;Ookawa, Tooru
1382787770;Voice-Actor;Okiayu, Ryoutarou
1349473534;Voice-Actor;Hirohashi, Ryou
271169470;Voice-Actor;Ishii, Kouji
271383212;Voice-Actor;Hiiragi, Rumi
-1685156336;Voice-Actor;Hasome, Tatsuya
1690836789;Voice-Actor;Matsumoto, Yasunori
426594028;Voice-Actor;Morikubo, Shoutarou
137663601;Voice-Actor;Huerta, Uraz
125275788;Voice-Actor;Midorikawa, Hikaru
-1464254986;Voice-Actor;Takamoto, Megumi
1143648547;Voice-Actor;Nagasawa, Nao
-2054112488;Voice-Actor;Amamiya, Sora
377154732;Voice-Actor;Nakajima, Yumiko
-1823687454;Voice-Actor;Morio, Yumi
-73746960;Voice-Actor;Uchiyama, Kouki
1873919763;Voice-Actor;Ishida, Yuriko
-420433594;Voice-Actor;Saitou, Konami
-1379627036;Voice-Actor;Yoshida, Asako
1836996181;Voice-Actor;Hino, Satoshi
68939627;Voice-Actor;Ebara, Masashi
-553753519;Voice-Actor;Koyama, Rikiya
-832808513;Voice-Actor;Hazumi, Jun
-901458949;Voice-Actor;Natsume
1701356682;Voice-Actor;Yamada, Yuuki
482736346;Voice-Actor;Fukushima, Orine
2039983334;Voice-Actor;Shioya, Kouzou
1924259853;Voice-Actor;Takasugi, Mahiro
2095031913;Voice-Actor;Tano, Asami
1023439021;Voice-Actor;Itou, Sairi
190968191;Voice-Actor;Ohashi, Ayaka
-1012197283;Voice-Actor;Matsuyama, Kenichi
-300504915;Voice-Actor;Matsuda, Risae
-727352990;Voice-Actor;Kimotsuki, Kaneta
-1160222924;Voice-Actor;Aoki, Hina
-514570144;Voice-Actor;Kirii, Daisuke
2032590231;Voice-Actor;Ootsuka, Sae
18661426;Voice-Actor;Nakajima, Megumi
-1590564817;Voice-Actor;Hakamada, Yoshihiko
628825174;Voice-Actor;Raychell
-427253993;Voice-Actor;Mizusawa, Fumie
36754853;Voice-Actor;Suguta, Hina
418975804;Voice-Actor;Kumagai, Kentarou
-243274265;Voice-Actor;Takatsuka, Masaya
-1827307029;Voice-Actor;Youmiya, Hina
158076574;Voice-Actor;Shishido, Rumi
767324304;Voice-Actor;Satou, Gen
855191184;Voice-Actor;Nakahara, Shigeru
-71469192;Voice-Actor;Naganawa, Maria
-1086955620;Voice-Actor;Matsuoka, Misato
1982855072;Voice-Actor;Fujimura, Ayumi
296862948;Voice-Actor;Hidaka, Noriko
-867052331;Voice-Actor;Kikuchi, Kokoro
-87714790;Voice-Actor;Tange, Sakura
-1990498556;Voice-Actor;Barry, Toni
-1700850102;Voice-Actor;Fujioka, Takuya
-1138437851;Voice-Actor;Oono, Liliana
-1352843682;Voice-Actor;Kawazu, Yasuhiko
-1552371555;Voice-Actor;Kurachi, Reo
-1797354504;Voice-Actor;Yahagi, Sayuri
655283851;Voice-Actor;Watanabe, Kumiko
-2020601206;Voice-Actor;Ueda, Kana
-472749253;Voice-Actor;Kaito, Tasuku
-156695698;Voice-Actor;Higuchi, Chieko
720341276;Voice-Actor;Morota, Kaoru
-366714128;Voice-Actor;Okushima, Kazumi
179929363;Voice-Actor;Takano, Asami
-911763424;Voice-Actor;Nakamura, Yuuichi
-1221265351;Voice-Actor;Kiuchi, Reiko
795171911;Voice-Actor;Tamaru, Atsushi
2092907367;Voice-Actor;Shintani, Ryouko
-328382182;Voice-Actor;Kokido, Shiho
-1339106395;Voice-Actor;Kawana, Midori
1596173572;Voice-Actor;Hirakawa, Daisuke
384648086;Voice-Actor;Kobori, Yurie
1945572505;Voice-Actor;Naka, Hiroshi
-102405320;Voice-Actor;Kadowaki, Mai
183925542;Voice-Actor;Chisuga, Haruka
-1017882981;Voice-Actor;Fukuhara, Kaori
2040804;Voice-Actor;Aimi
-2072868830;Voice-Actor;Kokuryu, Sachi
923244165;Voice-Actor;Shimizu, Hiroya
-1935971777;Voice-Actor;Avu-chan
-1827660157;Voice-Actor;Takada, Yuuki
1955848737;Voice-Actor;Uchida, Yuuya
-416155584;Voice-Actor;Asakura, Momo
-454179415;Voice-Actor;Tamagawa, Sakiko
2021238170;Voice-Actor;Yamaguchi, Mayumi
-18662781;Voice-Actor;Nabatame, Hitomi
673340242;Voice-Actor;Maeshima, Ami
-1607117304;Voice-Actor;Kamiya, Hiroshi
-561979109;Voice-Actor;Suzukawa, Sayu
-932644942;Voice-Actor;Matsumoto, Tamaki
1924976896;Voice-Actor;Katou, Emiri
745786394;Voice-Actor;Umegaki, Yoshiaki
1087682071;Voice-Actor;Tanaka, Emi
-1261916706;Voice-Actor;Mashiba, Mari
1748228413;Voice-Actor;Kawashima, Tokuyoshi
-897825408;Voice-Actor;Fukushima, Jun
1642642099;Voice-Actor;Nagatsuma, Juri
1143411304;Voice-Actor;Aizawa, Mai
-386286857;Voice-Actor;Shioya, Yoku
1228149894;Voice-Actor;Takahashi, Rieko
631607143;Voice-Actor;Kawamoto, Naru
1110055572;Voice-Actor;Hanae, Natsuki
-1021404737;Voice-Actor;Ono, Tomohiro
-1570108777;Voice-Actor;Nagasawa, Masami
-570786814;Voice-Actor;Kouda, Masaki
-640353766;Voice-Actor;Hanazawa, Kana
-1477798826;Voice-Actor;Yamazaki, Satoshi
1520429159;Voice-Actor;Yonezawa, Madoka
-90235210;Voice-Actor;Asakawa, Yuu
-1667934892;Voice-Actor;Chihara, Minori
-1337340880;Voice-Actor;Emori, Toru
-308059763;Voice-Actor;Umehara, Yuuichirou
1703708423;Voice-Actor;Takayanagi, Tomoyo
1052210324;Voice-Actor;Tsumura, Makoto
1017897684;Voice-Actor;Itou, Maiko
-503331395;Voice-Actor;Isobe, Tsutomu
361736024;Voice-Actor;Kido, Taisei
107815970;Voice-Actor;Asanuma, Shintaro
482516221;Voice-Actor;Tadokoro, Azusa
1185739129;Voice-Actor;Shitaya, Noriko
600614576;Voice-Actor;Amasaki, Kouhei
1988550166;Voice-Actor;Sakuma, Rei
-618724908;Voice-Actor;Endou, Aya
-963888964;Voice-Actor;Toya, Kikunosuke
255505235;Voice-Actor;Okamoto, Aya
-858207305;Voice-Actor;Furuya, Shizuka
-715534560;Voice-Actor;Iwami, Manaka
-307093248;Voice-Actor;Matsuda, Kenji
-1026114558;Voice-Actor;Suyama, Akio
-572912920;Voice-Actor;Iwai, Yukiko
341606581;Voice-Actor;Moriyama, Mirai
241550715;Voice-Actor;Yoshimura, Haruka
1503915168;Voice-Actor;Nomura, Michiko
-1543332276;Voice-Actor;Takaishi, Akari
-1575396377;Voice-Actor;Fukuhara, Haruka
1945401946;Voice-Actor;Katayama, Fukujuurou
1556863807;Voice-Actor;Itou, Miki
-1155129170;Voice-Actor;Ishikawa, Yui
-1286480326;Voice-Actor;Tateishi, Rin
244096706;Voice-Actor;Takatsuki, Sara
1030820429;Voice-Actor;Kozakura, Etsuko
-1779583683;Voice-Actor;Hara, Sayuri
2127259254;Voice-Actor;Horikawa, Ryo
1630144551;Voice-Actor;Matsuoka, Mayu
-1982866687;Voice-Actor;Satou, Chie
995393773;Voice-Actor;Araki, Kae
-1731889107;Voice-Actor;Dismuke, Aaron
2138447252;Voice-Actor;Yakusho, Kouji
-347609359;Voice-Actor;Sawaki, Ikuya
-1006788871;Voice-Actor;Tamura, Konomi
553336745;Voice-Actor;Kamijou, Saeko
1782470489;Voice-Actor;Konno, Hiromi
1484823083;Voice-Actor;Kohinata, Mika
-1288119229;Voice-Actor;Murakawa, Rie
516303812;Voice-Actor;Yoshida, Mizuki
-1440606252;Voice-Actor;Shiraishi, Haruka
-1805017747;Voice-Actor;Aikawa, Rikako
143479750;Voice-Actor;Terasawa, Momoka
393149426;Voice-Actor;Saitou, Ayumu
-49890706;Voice-Actor;Shimada, Bin
2145136727;Voice-Actor;Hazuki, Erino
-305431074;Voice-Actor;Oosuzu, Kouki
987046277;Voice-Actor;Tanimura, Mitsuki
458336703;Voice-Actor;Miwa, Katsue
-973713340;Voice-Actor;Urawa, Megumi
649470056;Voice-Actor;Sakata, Shougo
-937859762;Voice-Actor;Hoshino, Gen
791374565;Voice-Actor;Sakamoto, Chika
-1835524463;Voice-Actor;Imada, Koji
260140510;Voice-Actor;Chiba, Shigeru
392190264;Voice-Actor;Sometani, Shouta
-204608958;Voice-Actor;Tachihara, Mai
784234381;Voice-Actor;Nakai, Kazuya
2019846826;Voice-Actor;Kuwashima, Houko
1634260262;Voice-Actor;Koichi, Makoto
1449827672;Voice-Actor;Kawai, Yuumi
786278265;Voice-Actor;Yamada, Keaton
-2147057289;Voice-Actor;Arimura, Kasumi
-996939427;Voice-Actor;Matsuoka, Yoshitsugu
1236262990;Voice-Actor;Yamada, Louis LIII
-859740819;Voice-Actor;Shimowada, Hiroki
-403216168;Voice-Actor;Fairouz Ai
-946536716;Voice-Actor;Tomizawa, Kazato
606112417;Voice-Actor;Hirose, Suzu
-972670305;Voice-Actor;Shindo, Naomi
-1400723854;Voice-Actor;Arai, Satomi
1799404279;Voice-Actor;Ueda, Yuuji
603041372;Voice-Actor;Sakuraba, Nanami
2020596202;Voice-Actor;Nagano, Kouichi
947902493;Voice-Actor;Kobayashi, Yuko
-696990650;Voice-Actor;Tajima, Reiko
1283636235;Voice-Actor;Tsurumi, Shingo
881853313;Voice-Actor;Ito, Ayumi
2098902100;Voice-Actor;Hara, Yumi
-115866670;Voice-Actor;Amami, Yuuki
238908095;Voice-Actor;Mino, Yudai
1615152285;Voice-Actor;Hirose, Yuuya
-1881144102;Voice-Actor;Shimamura, Yoshie
-397737505;Voice-Actor;Hiyama, Nobuyuki
605788368;Voice-Actor;Hirata, Hiroaki
-1925825378;Voice-Actor;Kaiden, Michiko
693404772;Voice-Actor;Fuji, Sumiko
-855045006;Voice-Actor;Iijima, Mari
409474874;Voice-Actor;Saitou, Souma
-944110320;Voice-Actor;Ishii, LaSalle
-1784543568;Voice-Actor;Masuda, Toshiki
1386505028;Voice-Actor;Koiwai, Kotori
-1871452346;Voice-Actor;Taketatsu, Ayana
471922383;Voice-Actor;Miyake, Kenta
-300579669;Voice-Actor;Ichinose, Kana
1725827712;Voice-Actor;Horie, Kazuma
1243159369;Voice-Actor;Shin, Yuuki
1642580121;Voice-Actor;Sanada, Asami
1087694436;Voice-Actor;Tanaka, Rie
1430218253;Voice-Actor;Kimura, Subaru
1134091807;Voice-Actor;Yamashita, Seiichirou
799750477;Voice-Actor;Nobusawa, Mieko
1685109240;Voice-Actor;96neko
-407544361;Voice-Actor;Ueda, Miyuki
1128973148;Voice-Actor;Hatanaka, Tasuku
-1237093577;Voice-Actor;Waki, Tomohiro
-1314836734;Voice-Actor;Ise, Mariya
-1604942306;Voice-Actor;Oohara, Megumi
75144018;Voice-Actor;Neeko
875795998;Voice-Actor;Asai, Kiyomi
-1318608579;Voice-Actor;Satou, Yuuko
296388171;Voice-Actor;Hori, Katsunosuke
-951466311;Voice-Actor;Shida, Mirai
-1248140733;Voice-Actor;Nakao, Ryusei
-726183131;Voice-Actor;Sakura, Ayane
272014323;Voice-Actor;Nagase, Anna
-65010955;Voice-Actor;Shouji, Umeka
574093348;Voice-Actor;Mutou, Sumi
394478779;Voice-Actor;Saitou, Chiwa
658907569;Voice-Actor;Yoshida, Rihoko
-2042855003;Voice-Actor;Shimabukuro, Miyuri
-404162934;Voice-Actor;Kokubun, Yukari
-1666492166;Voice-Actor;Zougou, Saeko
-1271727079;Voice-Actor;Furukawa, Makoto
-1134348496;Voice-Actor;Miyazaki, Issei
841150063;Voice-Actor;Miyamura, Yuko
1387075124;Voice-Actor;Yokozawa, Keiko
1515320070;Voice-Actor;Sakuma, Kumi
-1357383519;Voice-Actor;Yoshida, Yuuri
616478732;Voice-Actor;Furuya, Toru
1544729667;Voice-Actor;Chiba, Susumu
-704034001;Voice-Actor;Gotou, Mai
1885039534;Voice-Actor;Ootani, Ikue
1383645770;Voice-Actor;Hikasa, Youko
604202656;Voice-Actor;Minagawa, Junko
1036874730;Voice-Actor;Mimori, Suzuko
-2066032584;Voice-Actor;Akesaka, Satomi
-179971860;Voice-Actor;Tsuda, Kenjirou
2092761676;Voice-Actor;Suzuka, Ouji
-1741036810;Voice-Actor;Oda, Shizue
-1509776773;Voice-Actor;Kayano, Ai
-696618789;Voice-Actor;Kohara, Riko
1607123570;Voice-Actor;Tsuda, Minami
1709655271;Voice-Actor;Senbongi, Sayaka
-1290197022;Voice-Actor;Shiraishi, Minoru
-1053142865;Voice-Actor;Ishida, Tarou
-1036783772;Voice-Actor;Takeuchi, Ryouta
1826745321;Voice-Actor;Miyamoto, Yume
49295858;Voice-Actor;Katou, Wataru
1672833434;Voice-Actor;Seki, Toshihiko
837141235;Voice-Actor;Fujiwara, Keiji
2061808991;Voice-Actor;Fujii, Yukiyo
1355584790;Voice-Actor;Nakamura, Daiki
-1595534172;Voice-Actor;Oohara, Momoko
-1483905574;Voice-Actor;Mineta, Hiromu
-1921037603;Voice-Actor;Niiyama, Shiho
1421295197;Voice-Actor;Tada, Aoi
1958179729;Voice-Actor;Anzai, Chika
-1851760117;Voice-Actor;Numakura, Manami
-1311814641;Voice-Actor;Nakazaki, Tatsuya
131305960;Voice-Actor;Murase, Ayumu
-1429757607;Voice-Actor;Madono, Mitsuaki
-550922515;Voice-Actor;Suzuki, Masami
-1749365125;Voice-Actor;Kobayashi, Chikahiro
-210907578;Voice-Actor;Horiuchi, Kenyuu
953449955;Voice-Actor;Tokui, Sora
-465730168;Voice-Actor;Ueno, Yuuma
-1911929019;Voice-Actor;Yamaguchi, Yuriko
-143468227;Voice-Actor;Nishimoto, Rimi
-867959352;Voice-Actor;Takahashi, Hiroki
-1409007874;Voice-Actor;Miyazaki, Aoi
2303130;Voice-Actor;KENN
-2147022392;Voice-Actor;Koiizuka, Kiyoe
1945397514;Voice-Actor;Kinugawa, Rika
1357014764;Voice-Actor;Nakamura, Eriko
-216125258;Voice-Actor;Aiba, Aina
1574811297;Voice-Actor;Satou, Hinata
1439356248;Voice-Actor;Inada, Tetsu
-1595706829;Voice-Actor;Nishida, Mitsutaka
1429241679;Voice-Actor;Saiga, Mitsuki
-1710695926;Voice-Actor;Yao, Kazuki
1702257547;Voice-Actor;Oonishi, Saori
-786781853;Voice-Actor;Kuroda, Takaya
314006290;Voice-Actor;Miyano, Mamoru
602391774;Voice-Actor;Baishou, Chieko
-1899496052;Voice-Actor;Takamatsu, Shinji
-1437694988;Voice-Actor;Tachibana, Shinnosuke
-1813094656;Voice-Actor;Iizuka, Shouzou
821315979;Voice-Actor;Shindou, Kei
77147207;Voice-Actor;Takagi, Shun
-1334394271;Voice-Actor;Naya, Gorou
1140732589;Voice-Actor;Ichijo, Kazuya
1158091417;Voice-Actor;Yamamura, Hibiku
-1382514821;Voice-Actor;Ginga, Banjou
1482206316;Voice-Actor;Minase, Inori
958686228;Voice-Actor;Takagi, Motoki
-725035582;Voice-Actor;Takahashi, Mikako
1090403982;Voice-Actor;Doi, Hiroki
161183517;Voice-Actor;Hiramatsu, Akiko
1981342894;Voice-Actor;Nakamura, Shuusei
